modo;servicio;sentido;variante;tipodia;shape_id;horario;color_id;direccion;paradas;resources_id
3;A;I;-;D;A_I;09:00:00-13:00:00|18:00:00-19:00:00;#d7282f;Población Manuel Rodriguez;PV-61-1|PV-61-3|PV-92-2|PV-26-2|PV-26-1|PV-17-1|PV-51-1|P-51-2|PV-54-1|PR-45-2|PV-32-1|PV-55-2|PV-12-1|PV-12-3|PV-12-6|PV-12-10|PV-12-12|P-15-10|PR-15-13|PR-15-15|P-15-17|P-25-6|P-25-4|PR-25-2|PV-25-1|P-8-3|P-66-12|PV-66-10|PV-66-8|PV-66-7|PV-66-5|PV-87-4|PV-29-2|P-29-3|P-29-5|P-84-4|P-84-7|PV-19-2|PV-56-2|PV-9-2|P-85-2|P-85-3|PR-85-4|P-15-19|PV-10-5|P-10-8|P-25-7|P-70-1|P-71-2|P-71-1|PV-72-1|PV-94-1|PV-94-2;1
3;A;I;-;L;A_I;08:00:00-20:00:00;#d7282f;Población Manuel Rodriguez;PV-61-1|PV-61-3|PV-92-2|PV-26-2|PV-26-1|PV-17-1|PV-51-1|P-51-2|PV-54-1|PR-45-2|PV-32-1|PV-55-2|PV-12-1|PV-12-3|PV-12-6|PV-12-10|PV-12-12|P-15-10|PR-15-13|PR-15-15|P-15-17|P-25-6|P-25-4|PR-25-2|PV-25-1|P-8-3|P-66-12|PV-66-10|PV-66-8|PV-66-7|PV-66-5|PV-87-4|PV-29-2|P-29-3|P-29-5|P-84-4|P-84-7|PV-19-2|PV-56-2|PV-9-2|P-85-2|P-85-3|PR-85-4|P-15-19|PV-10-5|P-10-8|P-25-7|P-70-1|P-71-2|P-71-1|PV-72-1|PV-94-1|PV-94-2;1
3;A;I;-;S;A_I;08:00:00-19:00:00;#d7282f;Población Manuel Rodriguez;PV-61-1|PV-61-3|PV-92-2|PV-26-2|PV-26-1|PV-17-1|PV-51-1|P-51-2|PV-54-1|PR-45-2|PV-32-1|PV-55-2|PV-12-1|PV-12-3|PV-12-6|PV-12-10|PV-12-12|P-15-10|PR-15-13|PR-15-15|P-15-17|P-25-6|P-25-4|PR-25-2|PV-25-1|P-8-3|P-66-12|PV-66-10|PV-66-8|PV-66-7|PV-66-5|PV-87-4|PV-29-2|P-29-3|P-29-5|P-84-4|P-84-7|PV-19-2|PV-56-2|PV-9-2|P-85-2|P-85-3|PR-85-4|P-15-19|PV-10-5|P-10-8|P-25-7|P-70-1|P-71-2|P-71-1|PV-72-1|PV-94-1|PV-94-2;1
3;A;R;-;D;A_R;10:00:00-14:00:00;#d7282f;Huayquitina;PR-6-5|PV-91-1|PV-72-2|PV-48-1|P-10-7|P-10-6|P-10-4|P-10-3|P-46-23|P-46-24|P-98-4|P-9-3|PV-56-1|PV-19-3|P-84-8|PV-84-6|PV-84-5|PV-84-3|PV-29-4|PV-29-1|PV-53-1|PV-87-3|PV-66-3|PV-66-6|PV-66-9|P-66-11|P-66-13|PV-66-14|PV-66-15|PR-25-3|PV-25-5|P-15-16|PR-15-14|P-15-12|PR-15-11|P-15-9|P-15-8|PV-12-11|PV-12-9|PR-12-7|PV-12-4|PV-12-2|PV-55-1|PV-32-2|PR-45-3|PV-45-1|PV-54-2|P-54-4|PV-17-3|PV-17-2|PV-5-1|P-5-2|P-5-3|PV-60-1|PV-61-2|PV-52-1;1
3;A;R;-;L;A_R;08:00:00-20:00:00;#d7282f;Huayquitina;PR-6-5|PV-91-1|PV-72-2|PV-48-1|P-10-7|P-10-6|P-10-4|P-10-3|P-46-23|P-46-24|P-98-4|P-9-3|PV-56-1|PV-19-3|P-84-8|PV-84-6|PV-84-5|PV-84-3|PV-29-4|PV-29-1|PV-53-1|PV-87-3|PV-66-3|PV-66-6|PV-66-9|P-66-11|P-66-13|PV-66-14|PV-66-15|PR-25-3|PV-25-5|P-15-16|PR-15-14|P-15-12|PR-15-11|P-15-9|P-15-8|PV-12-11|PV-12-9|PR-12-7|PV-12-4|PV-12-2|PV-55-1|PV-32-2|PR-45-3|PV-45-1|PV-54-2|P-54-4|PV-17-3|PV-17-2|PV-5-1|P-5-2|P-5-3|PV-60-1|PV-61-2|PV-52-1;1
3;A;R;-;S;A_R;09:00:00-19:00:00;#d7282f;Huayquitina;PR-6-5|PV-91-1|PV-72-2|PV-48-1|P-10-7|P-10-6|P-10-4|P-10-3|P-46-23|P-46-24|P-98-4|P-9-3|PV-56-1|PV-19-3|P-84-8|PV-84-6|PV-84-5|PV-84-3|PV-29-4|PV-29-1|PV-53-1|PV-87-3|PV-66-3|PV-66-6|PV-66-9|P-66-11|P-66-13|PV-66-14|PV-66-15|PR-25-3|PV-25-5|P-15-16|PR-15-14|P-15-12|PR-15-11|P-15-9|P-15-8|PV-12-11|PV-12-9|PR-12-7|PV-12-4|PV-12-2|PV-55-1|PV-32-2|PR-45-3|PV-45-1|PV-54-2|P-54-4|PV-17-3|PV-17-2|PV-5-1|P-5-2|P-5-3|PV-60-1|PV-61-2|PV-52-1;1
3;AC;I;-;D;AC_I;13:00:00-18:00:00;#73308a;Cementerio;PV-61-1|PV-61-3|PV-92-2|PV-26-2|PV-26-1|PV-17-1|PV-51-1|P-51-2|PV-54-1|PR-45-2|PV-32-1|PV-55-2|PV-12-1|PV-12-3|PV-12-6|PV-12-10|PV-12-12|P-15-10|PR-15-13|PR-15-15|P-15-17|P-25-6|P-25-4|PR-25-2|PV-25-1|P-8-3|P-66-12|PV-66-10|PV-66-8|PV-66-7|PV-66-5|PV-87-4|PV-29-2|P-29-3|P-29-5|P-84-4|P-84-7|PV-19-2|PV-56-2|PV-9-2|P-85-2|P-85-3|PR-85-4|P-15-19|PV-10-5|PV-68-2|PV-59-1|PV-59-3|PV-59-6|PV-59-9|PV-59-12|PV-65-1;1
3;AC;R;-;D;AC_R;14:00:00-19:00:00;#73308a;Huayquitina;P-59-13|PV-59-10|PV-59-8|PV-59-5|PV-59-4|P-59-2|PV-68-3|P-68-1|P-10-4|P-10-3|P-46-23|P-46-24|P-98-4|P-9-3|PV-56-1|PV-19-3|P-84-8|PV-84-6|PV-84-5|PV-84-3|PV-29-4|PV-29-1|PV-53-1|PV-87-3|PV-66-3|PV-66-6|PV-66-9|P-66-11|P-66-13|PV-66-14|PV-66-15|PR-25-3|PV-25-5|P-15-16|PR-15-14|P-15-12|PR-15-11|P-15-9|P-15-8|PV-12-11|PV-12-9|PR-12-7|PV-12-4|PV-12-2|PV-55-1|PV-32-2|PR-45-3|PV-45-1|PV-54-2|P-54-4|PV-17-3|PV-17-2|PV-5-1|P-5-2|P-5-3|PV-60-1|PV-61-2;1
3;B;I;-;D;B_I;09:00:00-19:00:00;#d7282f;Caspana;PV-88-15|PV-88-13|PV-88-11|PV-88-9|PV-88-7|PV-88-5|PV-88-3|PV-88-1|P-52-20|P-52-19|P-52-16|P-52-14|P-52-13|P-52-11|P-52-10|PV-52-6|P-20-1|PV-20-4|PR-23-1|PR-46-3|PV-5-4|PV-47-2|PV-47-4|P-47-6|P-47-9|PV-47-10|P-47-13|P-93-2|PV-42-1|P-16-1|P-16-2|P-16-3|P-16-4|P-98-5|PR-46-25|P-46-26|PR-46-27|PR-63-2|P-63-3|P-63-4|P-95-2|P-95-1|P-83-1|P-83-3;1
3;B;I;-;L;B_I;08:00:00-20:00:00;#d7282f;Caspana;PV-88-15|PV-88-13|PV-88-11|PV-88-9|PV-88-7|PV-88-5|PV-88-3|PV-88-1|P-52-20|P-52-19|P-52-16|P-52-14|P-52-13|P-52-11|P-52-10|PV-52-6|P-20-1|PV-20-4|PR-23-1|PR-46-3|PV-5-4|PV-47-2|PV-47-4|P-47-6|P-47-9|PV-47-10|P-47-13|P-93-2|PV-42-1|P-16-1|P-16-2|P-16-3|P-16-4|P-98-5|PR-46-25|P-46-26|PR-46-27|PR-63-2|P-63-3|P-63-4|P-95-2|P-95-1|P-83-1|P-83-3;1
3;B;I;-;S;B_I;08:00:00-19:00:00;#d7282f;Caspana;PV-88-15|PV-88-13|PV-88-11|PV-88-9|PV-88-7|PV-88-5|PV-88-3|PV-88-1|P-52-20|P-52-19|P-52-16|P-52-14|P-52-13|P-52-11|P-52-10|PV-52-6|P-20-1|PV-20-4|PR-23-1|PR-46-3|PV-5-4|PV-47-2|PV-47-4|P-47-6|P-47-9|PV-47-10|P-47-13|P-93-2|PV-42-1|P-16-1|P-16-2|P-16-3|P-16-4|P-98-5|PR-46-25|P-46-26|PR-46-27|PR-63-2|P-63-3|P-63-4|P-95-2|P-95-1|P-83-1|P-83-3;1
3;B;R;-;D;B_R;10:00:00-19:00:00;#d7282f;Barrio Industrial;PV-73-1|PV-83-2|PV-35-1|PV-89-1|PV-63-6|PR-63-5|PV-63-1|PR-7-10|PR-7-9|P-7-8|P-7-7|P-7-6|P-7-5|P-93-3|PV-9-1|PV-93-1|P-47-12|P-47-11|P-47-7|PV-47-5|PV-47-3|PV-47-1|P-5-3|P-5-5|P-5-6|PV-46-4|PV-23-2|P-20-3|PV-20-2|PR-52-7|P-52-8|P-52-9|PR-52-12|P-52-15|P-52-17|P-52-18|P-52-21|PV-88-2|PV-88-4|PV-88-6|PV-88-8|PV-88-10|PV-88-12|PV-88-14|PV-88-16;1
3;B;R;-;L;B_R;08:00:00-20:00:00;#d7282f;Barrio Industrial;PV-73-1|PV-83-2|PV-35-1|PV-89-1|PV-63-6|PR-63-5|PV-63-1|PR-7-10|PR-7-9|P-7-8|P-7-7|P-7-6|P-7-5|P-93-3|PV-9-1|PV-93-1|P-47-12|P-47-11|P-47-7|PV-47-5|PV-47-3|PV-47-1|P-5-3|P-5-5|P-5-6|PV-46-4|PV-23-2|P-20-3|PV-20-2|PR-52-7|P-52-8|P-52-9|PR-52-12|P-52-15|P-52-17|P-52-18|P-52-21|PV-88-2|PV-88-4|PV-88-6|PV-88-8|PV-88-10|PV-88-12|PV-88-14|PV-88-16;1
3;B;R;-;S;B_R;09:00:00-19:00:00;#d7282f;Barrio Industrial;PV-73-1|PV-83-2|PV-35-1|PV-89-1|PV-63-6|PR-63-5|PV-63-1|PR-7-10|PR-7-9|P-7-8|P-7-7|P-7-6|P-7-5|P-93-3|PV-9-1|PV-93-1|P-47-12|P-47-11|P-47-7|PV-47-5|PV-47-3|PV-47-1|P-5-3|P-5-5|P-5-6|PV-46-4|PV-23-2|P-20-3|PV-20-2|PR-52-7|P-52-8|P-52-9|PR-52-12|P-52-15|P-52-17|P-52-18|P-52-21|PV-88-2|PV-88-4|PV-88-6|PV-88-8|PV-88-10|PV-88-12|PV-88-14|PV-88-16;1
3;C;I;-;D;C_I;09:00:00-19:00:00;#73308a;El Peuco;PV-69-1|PV-69-3|PV-61-3|PV-92-2|PV-26-2|PV-26-1|PV-17-1|PV-51-1|P-51-2|PV-54-1|PR-45-2|PV-32-1|PV-43-2|PV-43-5|PV-43-6|PV-53-3|P-93-2|PV-34-2|P-85-2|P-85-3|PR-85-4|P-16-4|PR-16-5|PV-14-2|PV-59-3|PV-59-6|PV-59-9|PV-59-11|PV-59-14|PV-59-17|PV-59-19|PV-57-5|P-57-2|PV-75-1|P-79-9|P-79-8|P-79-5|P-79-3|P-79-2|P-64-1;1
3;C;I;-;L;C_I;08:00:00-20:00:00;#73308a;El Peuco;PV-69-1|PV-69-3|PV-61-3|PV-92-2|PV-26-2|PV-26-1|PV-17-1|PV-51-1|P-51-2|PV-54-1|PR-45-2|PV-32-1|PV-43-2|PV-43-5|PV-43-6|PV-53-3|P-93-2|PV-34-2|P-85-2|P-85-3|PR-85-4|P-16-4|PR-16-5|PV-14-2|PV-59-3|PV-59-6|PV-59-9|PV-59-11|PV-59-14|PV-59-17|PV-59-19|PV-57-5|P-57-2|PV-75-1|P-79-9|P-79-8|P-79-5|P-79-3|P-79-2|P-64-1;1
3;C;I;-;S;C_I;08:00:00-19:00:00;#73308a;El Peuco;PV-69-1|PV-69-3|PV-61-3|PV-92-2|PV-26-2|PV-26-1|PV-17-1|PV-51-1|P-51-2|PV-54-1|PR-45-2|PV-32-1|PV-43-2|PV-43-5|PV-43-6|PV-53-3|P-93-2|PV-34-2|P-85-2|P-85-3|PR-85-4|P-16-4|PR-16-5|PV-14-2|PV-59-3|PV-59-6|PV-59-9|PV-59-11|PV-59-14|PV-59-17|PV-59-19|PV-57-5|P-57-2|PV-75-1|P-79-9|P-79-8|P-79-5|P-79-3|P-79-2|P-64-1;1
3;C;R;-;D;C_R;10:00:00-19:00:00;#73308a;Huayquitina;PR-64-2|PR-79-1|PR-79-4|P-79-6|PR-79-7|PR-79-10|PV-57-1|PV-57-3|PV-57-4|PV-57-6|PV-59-18|PV-59-16|PV-59-15|P-59-13|PV-59-10|PV-59-8|PV-59-7|PV-59-4|P-59-2|PV-14-1|PV-15-20|PV-36-3|PV-36-2|PR-7-10|PR-7-9|P-7-8|P-7-7|PV-10-2|PV-10-1|PV-34-1|PV-93-1|PV-53-4|PV-43-7|PV-43-4|PV-43-3|PV-43-1|PV-32-2|PR-45-3|PV-45-1|PV-54-2|P-54-4|PV-17-3|PV-17-2|PV-5-1|P-5-2|P-5-3|PV-60-1|PV-61-2|PV-69-2|PV-52-1;1
3;C;R;-;L;C_R;08:00:00-20:00:00;#73308a;Huayquitina;PR-64-2|PR-79-1|PR-79-4|P-79-6|PR-79-7|PR-79-10|PV-57-1|PV-57-3|PV-57-4|PV-57-6|PV-59-18|PV-59-16|PV-59-15|P-59-13|PV-59-10|PV-59-8|PV-59-7|PV-59-4|P-59-2|PV-14-1|PV-15-20|PV-36-3|PV-36-2|PR-7-10|PR-7-9|P-7-8|P-7-7|PV-10-2|PV-10-1|PV-34-1|PV-93-1|PV-53-4|PV-43-7|PV-43-4|PV-43-3|PV-43-1|PV-32-2|PR-45-3|PV-45-1|PV-54-2|P-54-4|PV-17-3|PV-17-2|PV-5-1|P-5-2|P-5-3|PV-60-1|PV-61-2|PV-69-2|PV-52-1;1
3;C;R;-;S;C_R;09:00:00-19:00:00;#73308a;Huayquitina;PR-64-2|PR-79-1|PR-79-4|P-79-6|PR-79-7|PR-79-10|PV-57-1|PV-57-3|PV-57-4|PV-57-6|PV-59-18|PV-59-16|PV-59-15|P-59-13|PV-59-10|PV-59-8|PV-59-7|PV-59-4|P-59-2|PV-14-1|PV-15-20|PV-36-3|PV-36-2|PR-7-10|PR-7-9|P-7-8|P-7-7|PV-10-2|PV-10-1|PV-34-1|PV-93-1|PV-53-4|PV-43-7|PV-43-4|PV-43-3|PV-43-1|PV-32-2|PR-45-3|PV-45-1|PV-54-2|P-54-4|PV-17-3|PV-17-2|PV-5-1|P-5-2|P-5-3|PV-60-1|PV-61-2|PV-69-2|PV-52-1;1
3;D;I;-;D;D_I;10:00:00-19:00:00;#d7282f;Parque El Loa;PV-88-15|PV-88-13|PV-88-11|PV-88-9|PV-88-7|PV-88-5|PV-88-3|PV-88-1|P-52-20|P-52-19|P-52-16|P-52-14|P-52-13|P-52-11|P-52-10|PV-52-6|PV-52-4|PV-39-2|PR-23-1|PR-46-3|P-46-5|PR-46-7|PR-46-9|P-46-12|P-46-13|PR-46-15|P-46-16|P-46-18|P-46-19|P-46-21|PV-46-22|PV-42-1|P-16-1|P-16-2|P-16-3|P-16-4|P-98-5|PR-46-25|P-46-26|PR-46-27|PR-63-2|P-63-3|P-63-4|PV-63-7|PR-63-10;1
3;D;I;-;L;D_I;08:00:00-20:00:00;#d7282f;Parque El Loa;PV-88-15|PV-88-13|PV-88-11|PV-88-9|PV-88-7|PV-88-5|PV-88-3|PV-88-1|P-52-20|P-52-19|P-52-16|P-52-14|P-52-13|P-52-11|P-52-10|PV-52-6|PV-52-4|PV-39-2|PR-23-1|PR-46-3|P-46-5|PR-46-7|PR-46-9|P-46-12|P-46-13|PR-46-15|P-46-16|P-46-18|P-46-19|P-46-21|PV-46-22|PV-42-1|P-16-1|P-16-2|P-16-3|P-16-4|P-98-5|PR-46-25|P-46-26|PR-46-27|PR-63-2|P-63-3|P-63-4|PV-63-7|PR-63-10;1
3;D;I;-;S;D_I;10:00:00-19:00:00;#d7282f;Parque El Loa;PV-88-15|PV-88-13|PV-88-11|PV-88-9|PV-88-7|PV-88-5|PV-88-3|PV-88-1|P-52-20|P-52-19|P-52-16|P-52-14|P-52-13|P-52-11|P-52-10|PV-52-6|PV-52-4|PV-39-2|PR-23-1|PR-46-3|P-46-5|PR-46-7|PR-46-9|P-46-12|P-46-13|PR-46-15|P-46-16|P-46-18|P-46-19|P-46-21|PV-46-22|PV-42-1|P-16-1|P-16-2|P-16-3|P-16-4|P-98-5|PR-46-25|P-46-26|PR-46-27|PR-63-2|P-63-3|P-63-4|PV-63-7|PR-63-10;1
3;D;R;-;D;D_R;11:00:00-19:00:00;#d7282f;Barrio Industrial;P-63-11|P-63-9|PR-63-8|PR-63-5|PV-63-1|PR-7-10|PR-7-9|P-7-8|P-7-7|P-7-6|P-7-5|P-93-3|PV-46-20|P-46-17|P-46-14|P-46-11|PR-46-10|PR-46-8|PV-46-6|PV-46-4|P-39-5|PR-39-3|PV-39-1|PR-52-5|PR-52-7|P-52-8|P-52-9|PR-52-12|P-52-15|P-52-17|P-52-18|P-52-21|PV-88-2|PV-88-4|PV-88-6|PV-88-8|PV-88-10|PV-88-12|PV-88-14|PV-88-16;1
3;D;R;-;L;D_R;08:00:00-20:00:00;#d7282f;Barrio Industrial;P-63-11|P-63-9|PR-63-8|PR-63-5|PV-63-1|PR-7-10|PR-7-9|P-7-8|P-7-7|P-7-6|P-7-5|P-93-3|PV-46-20|P-46-17|P-46-14|P-46-11|PR-46-10|PR-46-8|PV-46-6|PV-46-4|P-39-5|PR-39-3|PV-39-1|PR-52-5|PR-52-7|P-52-8|P-52-9|PR-52-12|P-52-15|P-52-17|P-52-18|P-52-21|PV-88-2|PV-88-4|PV-88-6|PV-88-8|PV-88-10|PV-88-12|PV-88-14|PV-88-16;1
3;D;R;-;S;D_R;11:00:00-19:00:00;#d7282f;Barrio Industrial;P-63-11|P-63-9|PR-63-8|PR-63-5|PV-63-1|PR-7-10|PR-7-9|P-7-8|P-7-7|P-7-6|P-7-5|P-93-3|PV-46-20|P-46-17|P-46-14|P-46-11|PR-46-10|PR-46-8|PV-46-6|PV-46-4|P-39-5|PR-39-3|PV-39-1|PR-52-5|PR-52-7|P-52-8|P-52-9|PR-52-12|P-52-15|P-52-17|P-52-18|P-52-21|PV-88-2|PV-88-4|PV-88-6|PV-88-8|PV-88-10|PV-88-12|PV-88-14|PV-88-16;1
3;E;I;-;D;E_I;09:00:00-19:00:00;#4c9c2e;Las Vegas;PV-88-15|PV-88-13|PV-88-11|PV-88-9|PV-88-7|PV-88-5|PV-88-3|PV-88-1|P-52-20|P-52-19|P-52-16|P-52-14|P-52-13|P-52-11|P-52-10|PV-52-6|PV-52-4|PV-39-2|PV-39-4|PV-39-7|PV-39-9|PV-90-1|PV-90-3|P-15-10|PR-15-13|PR-15-15|P-15-17|P-25-6|P-25-4|PR-25-2|PV-25-1|PV-93-4|P-16-1|P-10-3|P-46-23|P-46-24|PV-38-2|PV-84-10|PV-19-2|PV-19-5|PV-27-1|PV-62-2|P-62-3|PV-62-5|PV-62-7;1
3;E;I;-;L;E_I;08:00:00-20:00:00;#4c9c2e;Las Vegas;PV-88-15|PV-88-13|PV-88-11|PV-88-9|PV-88-7|PV-88-5|PV-88-3|PV-88-1|P-52-20|P-52-19|P-52-16|P-52-14|P-52-13|P-52-11|P-52-10|PV-52-6|PV-52-4|PV-39-2|PV-39-4|PV-39-7|PV-39-9|PV-90-1|PV-90-3|P-15-10|PR-15-13|PR-15-15|P-15-17|P-25-6|P-25-4|PR-25-2|PV-25-1|PV-93-4|P-16-1|P-10-3|P-46-23|P-46-24|PV-38-2|PV-84-10|PV-19-2|PV-19-5|PV-27-1|PV-62-2|P-62-3|PV-62-5|PV-62-7;1
3;E;I;-;S;E_I;08:00:00-19:00:00;#4c9c2e;Las Vegas;PV-88-15|PV-88-13|PV-88-11|PV-88-9|PV-88-7|PV-88-5|PV-88-3|PV-88-1|P-52-20|P-52-19|P-52-16|P-52-14|P-52-13|P-52-11|P-52-10|PV-52-6|PV-52-4|PV-39-2|PV-39-4|PV-39-7|PV-39-9|PV-90-1|PV-90-3|P-15-10|PR-15-13|PR-15-15|P-15-17|P-25-6|P-25-4|PR-25-2|PV-25-1|PV-93-4|P-16-1|P-10-3|P-46-23|P-46-24|PV-38-2|PV-84-10|PV-19-2|PV-19-5|PV-27-1|PV-62-2|P-62-3|PV-62-5|PV-62-7;1
3;E;R;-;D;E_R;10:00:00-20:00:00;#4c9c2e;Barrio Industrial;PV-73-1|P-62-6|P-62-4|P-62-1|PV-4-1|PV-19-5|PV-19-1|P-85-1|P-85-2|P-85-3|P-7-7|P-7-6|P-7-5|PV-7-2|PR-25-3|PV-25-5|P-15-16|PR-15-14|P-15-12|PR-15-11|P-15-9|PV-90-2|PV-7-1|PV-39-8|PV-39-6|P-39-5|PR-39-3|PV-39-1|PV-82-2|P-82-3|P-52-9|PR-52-12|P-52-15|P-52-17|P-52-18|P-52-21|PV-88-2|PV-88-4|PV-88-6|PV-88-8|PV-88-10|PV-88-12|PV-88-14|PV-88-16;1
3;E;R;-;L;E_R;08:00:00-20:00:00;#4c9c2e;Barrio Industrial;PV-73-1|P-62-6|P-62-4|P-62-1|PV-4-1|PV-19-5|PV-19-1|P-85-1|P-85-2|P-85-3|P-7-7|P-7-6|P-7-5|PV-7-2|PR-25-3|PV-25-5|P-15-16|PR-15-14|P-15-12|PR-15-11|P-15-9|PV-90-2|PV-7-1|PV-39-8|PV-39-6|P-39-5|PR-39-3|PV-39-1|PV-82-2|P-82-3|P-52-9|PR-52-12|P-52-15|P-52-17|P-52-18|P-52-21|PV-88-2|PV-88-4|PV-88-6|PV-88-8|PV-88-10|PV-88-12|PV-88-14|PV-88-16;1
3;E;R;-;S;E_R;09:00:00-19:00:00;#4c9c2e;Barrio Industrial;PV-73-1|P-62-6|P-62-4|P-62-1|PV-4-1|PV-19-5|PV-19-1|P-85-1|P-85-2|P-85-3|P-7-7|P-7-6|P-7-5|PV-7-2|PR-25-3|PV-25-5|P-15-16|PR-15-14|P-15-12|PR-15-11|P-15-9|PV-90-2|PV-7-1|PV-39-8|PV-39-6|P-39-5|PR-39-3|PV-39-1|PV-82-2|P-82-3|P-52-9|PR-52-12|P-52-15|P-52-17|P-52-18|P-52-21|PV-88-2|PV-88-4|PV-88-6|PV-88-8|PV-88-10|PV-88-12|PV-88-14|PV-88-16;1
3;F;I;-;D;F_I;09:00:00-19:00:00;#f7be00;Kamac Mayu;P-46-1|PR-46-2|PR-46-3|P-46-5|PR-46-7|PV-54-5|PV-54-3|PV-54-1|PR-45-2|PV-32-1|PV-12-1|PV-12-3|PV-12-6|P-46-12|P-46-13|PR-46-15|P-46-16|P-46-18|P-66-12|PV-66-10|PV-66-8|PV-66-7|PV-66-5|P-80-1|P-80-2|PV-80-5|PV-84-1|PV-98-1|PV-98-3|P-84-4|P-84-7|P-84-9|P-47-14|P-85-1|P-85-2|P-85-3|P-7-7|P-7-6|P-7-5|PV-7-2|PR-25-3|PV-25-5|P-15-16|PR-15-14|P-15-12|PR-15-11|P-15-9|P-15-8|PV-15-4|PV-15-2|P-52-9|PR-52-12|P-52-15|P-52-17|P-52-18;1
3;F;I;-;L;F_I;08:00:00-20:00:00;#f7be00;Kamac Mayu;P-46-1|PR-46-2|PR-46-3|P-46-5|PR-46-7|PV-54-5|PV-54-3|PV-54-1|PR-45-2|PV-32-1|PV-12-1|PV-12-3|PV-12-6|P-46-12|P-46-13|PR-46-15|P-46-16|P-46-18|P-66-12|PV-66-10|PV-66-8|PV-66-7|PV-66-5|P-80-1|P-80-2|PV-80-5|PV-84-1|PV-98-1|PV-98-3|P-84-4|P-84-7|P-84-9|P-47-14|P-85-1|P-85-2|P-85-3|P-7-7|P-7-6|P-7-5|PV-7-2|PR-25-3|PV-25-5|P-15-16|PR-15-14|P-15-12|PR-15-11|P-15-9|P-15-8|PV-15-4|PV-15-2|P-52-9|PR-52-12|P-52-15|P-52-17|P-52-18;1
3;F;I;-;S;F_I;08:00:00-19:00:00;#f7be00;Kamac Mayu;P-46-1|PR-46-2|PR-46-3|P-46-5|PR-46-7|PV-54-5|PV-54-3|PV-54-1|PR-45-2|PV-32-1|PV-12-1|PV-12-3|PV-12-6|P-46-12|P-46-13|PR-46-15|P-46-16|P-46-18|P-66-12|PV-66-10|PV-66-8|PV-66-7|PV-66-5|P-80-1|P-80-2|PV-80-5|PV-84-1|PV-98-1|PV-98-3|P-84-4|P-84-7|P-84-9|P-47-14|P-85-1|P-85-2|P-85-3|P-7-7|P-7-6|P-7-5|PV-7-2|PR-25-3|PV-25-5|P-15-16|PR-15-14|P-15-12|PR-15-11|P-15-9|P-15-8|PV-15-4|PV-15-2|P-52-9|PR-52-12|P-52-15|P-52-17|P-52-18;1
3;F;R;-;D;F_R;10:00:00-19:00:00;#f7be00;Huayquitina;P-52-19|P-52-16|P-52-14|P-52-13|P-52-11|P-52-10|PV-15-1|PV-15-3|PV-15-5|PV-15-7|P-15-10|PR-15-13|PR-15-15|P-15-17|P-25-6|P-25-4|PR-25-2|PV-25-1|PV-7-4|P-16-1|P-10-3|PV-10-2|P-46-23|P-46-24|PV-38-1|PV-84-10|P-84-8|PV-84-6|PV-84-5|PV-98-2|PV-86-1|PV-84-2|PV-80-5|PV-80-3|PV-66-4|PV-66-6|PV-66-9|P-66-11|P-66-13|P-46-17|P-46-14|PV-11-5|PV-12-4|PV-12-2|PV-49-1|PR-45-3|PV-45-1|PV-54-2|P-54-4|PV-54-6|PV-11-4|PV-11-3|PV-11-2|PV-11-1;1
3;F;R;-;L;F_R;08:00:00-20:00:00;#f7be00;Huayquitina;P-52-19|P-52-16|P-52-14|P-52-13|P-52-11|P-52-10|PV-15-1|PV-15-3|PV-15-5|PV-15-7|P-15-10|PR-15-13|PR-15-15|P-15-17|P-25-6|P-25-4|PR-25-2|PV-25-1|PV-7-4|P-16-1|P-10-3|PV-10-2|P-46-23|P-46-24|PV-38-1|PV-84-10|P-84-8|PV-84-6|PV-84-5|PV-98-2|PV-86-1|PV-84-2|PV-80-5|PV-80-3|PV-66-4|PV-66-6|PV-66-9|P-66-11|P-66-13|P-46-17|P-46-14|PV-11-5|PV-12-4|PV-12-2|PV-49-1|PR-45-3|PV-45-1|PV-54-2|P-54-4|PV-54-6|PV-11-4|PV-11-3|PV-11-2|PV-11-1;1
3;F;R;-;S;F_R;09:00:00-19:00:00;#f7be00;Huayquitina;P-52-19|P-52-16|P-52-14|P-52-13|P-52-11|P-52-10|PV-15-1|PV-15-3|PV-15-5|PV-15-7|P-15-10|PR-15-13|PR-15-15|P-15-17|P-25-6|P-25-4|PR-25-2|PV-25-1|PV-7-4|P-16-1|P-10-3|PV-10-2|P-46-23|P-46-24|PV-38-1|PV-84-10|P-84-8|PV-84-6|PV-84-5|PV-98-2|PV-86-1|PV-84-2|PV-80-5|PV-80-3|PV-66-4|PV-66-6|PV-66-9|P-66-11|P-66-13|P-46-17|P-46-14|PV-11-5|PV-12-4|PV-12-2|PV-49-1|PR-45-3|PV-45-1|PV-54-2|P-54-4|PV-54-6|PV-11-4|PV-11-3|PV-11-2|PV-11-1;1
3;M;I;-;D;M_I;09:00:00-19:00:00;#e50695;Caspana;PV-88-15|PV-88-13|PV-88-11|PV-88-9|PV-88-7|PV-88-5|PV-88-3|PV-88-1|P-52-20|P-52-19|P-52-16|P-52-14|P-52-13|P-52-11|P-52-10|PV-52-6|PV-52-4|PR-52-3|PV-61-1|PV-61-3|P-5-5|P-5-6|P-46-5|PR-46-7|PV-18-1|PV-12-8|PV-12-12|P-15-10|PR-15-13|PR-15-15|P-15-17|P-25-6|P-25-4|PR-25-2|PV-25-1|PV-93-4|P-16-1|P-10-3|P-46-23|P-46-24|PR-46-25|P-46-26|PR-46-27|PR-81-2|P-81-1|PV-47-16|PV-47-18|PV-47-20;1
3;M;I;-;L;M_I;08:00:00-20:00:00;#e50695;Caspana;PV-88-15|PV-88-13|PV-88-11|PV-88-9|PV-88-7|PV-88-5|PV-88-3|PV-88-1|P-52-20|P-52-19|P-52-16|P-52-14|P-52-13|P-52-11|P-52-10|PV-52-6|PV-52-4|PR-52-3|PV-61-1|PV-61-3|P-5-5|P-5-6|P-46-5|PR-46-7|PV-18-1|PV-12-8|PV-12-12|P-15-10|PR-15-13|PR-15-15|P-15-17|P-25-6|P-25-4|PR-25-2|PV-25-1|PV-93-4|P-16-1|P-10-3|P-46-23|P-46-24|PR-46-25|P-46-26|PR-46-27|PR-81-2|P-81-1|PV-47-16|PV-47-18|PV-47-20;1
3;M;I;-;S;M_I;08:00:00-19:00:00;#e50695;Caspana;PV-88-15|PV-88-13|PV-88-11|PV-88-9|PV-88-7|PV-88-5|PV-88-3|PV-88-1|P-52-20|P-52-19|P-52-16|P-52-14|P-52-13|P-52-11|P-52-10|PV-52-6|PV-52-4|PR-52-3|PV-61-1|PV-61-3|P-5-5|P-5-6|P-46-5|PR-46-7|PV-18-1|PV-12-8|PV-12-12|P-15-10|PR-15-13|PR-15-15|P-15-17|P-25-6|P-25-4|PR-25-2|PV-25-1|PV-93-4|P-16-1|P-10-3|P-46-23|P-46-24|PR-46-25|P-46-26|PR-46-27|PR-81-2|P-81-1|PV-47-16|PV-47-18|PV-47-20;1
3;M;R;-;D;M_R;10:00:00-19:00:00;#e50695;Barrio Industrial;PV-73-1|PV-24-1|PV-47-19|PV-47-17|PV-96-1|PV-36-1|PR-7-10|PR-7-9|P-7-8|P-7-7|P-7-6|P-7-5|PV-7-2|PR-25-3|P-15-16|PR-15-14|P-15-12|PR-15-11|P-15-9|P-15-8|PV-12-11|PV-12-9|PR-12-7|PR-46-10|PR-46-8|PV-46-6|PV-5-7|PV-92-1|PV-61-2|PV-52-2|P-82-1|PV-82-2|P-82-3|P-52-9|PR-52-12|P-52-15|P-52-17|P-52-18|P-52-21|PV-88-2|PV-88-4|PV-88-6|PV-88-8|PV-88-10|PV-88-12|PV-88-14|PV-88-16;1
3;M;R;-;L;M_R;08:00:00-20:00:00;#e50695;Barrio Industrial;PV-73-1|PV-24-1|PV-47-19|PV-47-17|PV-96-1|PV-36-1|PR-7-10|PR-7-9|P-7-8|P-7-7|P-7-6|P-7-5|PV-7-2|PR-25-3|P-15-16|PR-15-14|P-15-12|PR-15-11|P-15-9|P-15-8|PV-12-11|PV-12-9|PR-12-7|PR-46-10|PR-46-8|PV-46-6|PV-5-7|PV-92-1|PV-61-2|PV-52-2|P-82-1|PV-82-2|P-82-3|P-52-9|PR-52-12|P-52-15|P-52-17|P-52-18|P-52-21|PV-88-2|PV-88-4|PV-88-6|PV-88-8|PV-88-10|PV-88-12|PV-88-14|PV-88-16;1
3;M;R;-;S;M_R;09:00:00-19:00:00;#e50695;Barrio Industrial;PV-73-1|PV-24-1|PV-47-19|PV-47-17|PV-96-1|PV-36-1|PR-7-10|PR-7-9|P-7-8|P-7-7|P-7-6|P-7-5|PV-7-2|PR-25-3|P-15-16|PR-15-14|P-15-12|PR-15-11|P-15-9|P-15-8|PV-12-11|PV-12-9|PR-12-7|PR-46-10|PR-46-8|PV-46-6|PV-5-7|PV-92-1|PV-61-2|PV-52-2|P-82-1|PV-82-2|P-82-3|P-52-9|PR-52-12|P-52-15|P-52-17|P-52-18|P-52-21|PV-88-2|PV-88-4|PV-88-6|PV-88-8|PV-88-10|PV-88-12|PV-88-14|PV-88-16;1
3;T;I;-;D;T_I;09:00:00-19:00:00;#0047ba;Almirante Grau;PV-69-1|PV-28-2|PV-61-3|PV-92-2|P-5-5|PV-33-2|PV-33-4|PV-12-6|P-46-12|P-32-5|PV-32-4|PV-32-2|P-44-2|PV-44-4|P-44-6|PV-97-8|P-97-6|PV-97-4|PV-29-2|P-76-1|P-76-3|P-76-6|P-76-7|P-76-9|PV-76-11|PV-74-3|PV-47-15|PV-27-3|PV-27-5|PV-77-1|PR-7-9|P-7-8|PR-85-4|P-15-19|P-15-16|PR-15-14|P-15-12|PR-15-11|P-15-9|P-15-8|PV-6-2|PV-6-4|PV-6-6|PV-6-7|PV-58-1|PV-37-1|P-52-21;1
3;T;I;-;L;T_I;08:00:00-20:00:00;#0047ba;Almirante Grau;PV-69-1|PV-28-2|PV-61-3|PV-92-2|P-5-5|PV-33-2|PV-33-4|PV-12-6|P-46-12|P-32-5|PV-32-4|PV-32-2|P-44-2|PV-44-4|P-44-6|PV-97-8|P-97-6|PV-97-4|PV-29-2|P-76-1|P-76-3|P-76-6|P-76-7|P-76-9|PV-76-11|PV-74-3|PV-47-15|PV-27-3|PV-27-5|PV-77-1|PR-7-9|P-7-8|PR-85-4|P-15-19|P-15-16|PR-15-14|P-15-12|PR-15-11|P-15-9|P-15-8|PV-6-2|PV-6-4|PV-6-6|PV-6-7|PV-58-1|PV-37-1|P-52-21;1
3;T;I;-;S;T_I;08:00:00-19:00:00;#0047ba;Almirante Grau;PV-69-1|PV-28-2|PV-61-3|PV-92-2|P-5-5|PV-33-2|PV-33-4|PV-12-6|P-46-12|P-32-5|PV-32-4|PV-32-2|P-44-2|PV-44-4|P-44-6|PV-97-8|P-97-6|PV-97-4|PV-29-2|P-76-1|P-76-3|P-76-6|P-76-7|P-76-9|PV-76-11|PV-74-3|PV-47-15|PV-27-3|PV-27-5|PV-77-1|PR-7-9|P-7-8|PR-85-4|P-15-19|P-15-16|PR-15-14|P-15-12|PR-15-11|P-15-9|P-15-8|PV-6-2|PV-6-4|PV-6-6|PV-6-7|PV-58-1|PV-37-1|P-52-21;1
3;T;R;-;D;T_R;10:00:00-19:00:00;#0047ba;Huayquitina;PV-6-9|PV-6-8|PR-6-5|PV-6-3|PV-6-1|P-15-10|PR-15-13|PR-15-15|P-15-17|PR-15-18|P-10-4|P-10-3|PV-10-2|P-46-23|P-46-24|PR-46-25|PV-27-4|PV-27-2|PV-74-4|PV-74-2|PV-74-1|P-76-10|PV-76-8|PV-76-5|P-76-4|P-76-2|PV-53-2|PV-53-1|PV-97-5|PV-97-7|PV-97-9|P-44-5|P-44-3|P-44-1|PV-32-1|PV-32-3|PV-11-6|PV-11-5|PV-12-4|PV-33-2|PV-33-1|PV-5-4|PV-60-1|PV-61-2|PV-28-1|PV-52-1;1
3;T;R;-;L;T_R;08:00:00-20:00:00;#0047ba;Huayquitina;PV-6-9|PV-6-8|PR-6-5|PV-6-3|PV-6-1|P-15-10|PR-15-13|PR-15-15|P-15-17|PR-15-18|P-10-4|P-10-3|PV-10-2|P-46-23|P-46-24|PR-46-25|PV-27-4|PV-27-2|PV-74-4|PV-74-2|PV-74-1|P-76-10|PV-76-8|PV-76-5|P-76-4|P-76-2|PV-53-2|PV-53-1|PV-97-5|PV-97-7|PV-97-9|P-44-5|P-44-3|P-44-1|PV-32-1|PV-32-3|PV-11-6|PV-11-5|PV-12-4|PV-33-2|PV-33-1|PV-5-4|PV-60-1|PV-61-2|PV-28-1|PV-52-1;1
3;T;R;-;S;T_R;09:00:00-19:00:00;#0047ba;Huayquitina;PV-6-9|PV-6-8|PR-6-5|PV-6-3|PV-6-1|P-15-10|PR-15-13|PR-15-15|P-15-17|PR-15-18|P-10-4|P-10-3|PV-10-2|P-46-23|P-46-24|PR-46-25|PV-27-4|PV-27-2|PV-74-4|PV-74-2|PV-74-1|P-76-10|PV-76-8|PV-76-5|P-76-4|P-76-2|PV-53-2|PV-53-1|PV-97-5|PV-97-7|PV-97-9|P-44-5|P-44-3|P-44-1|PV-32-1|PV-32-3|PV-11-6|PV-11-5|PV-12-4|PV-33-2|PV-33-1|PV-5-4|PV-60-1|PV-61-2|PV-28-1|PV-52-1;1
3;X;I;-;D;X_I;09:00:00-19:00:00;#001689;El Peuco;PV-88-15|PV-88-13|PV-88-11|PV-88-9|PV-88-7|PV-88-5|PV-88-3|PV-88-1|P-52-20|P-52-19|P-52-16|P-52-14|P-52-13|P-52-11|P-52-10|PV-52-6|PV-22-1|PR-20-6|PV-13-3|PV-15-6|PV-15-7|P-15-10|PR-15-13|PR-15-15|P-15-17|PR-15-18|P-10-4|P-16-2|P-16-3|P-16-4|PR-16-5|PV-16-6|PV-7-11|PV-7-12|PV-1-1|P-78-2|P-78-1|PR-63-10|PR-64-2|PR-79-1|PR-79-4|P-79-6|PR-79-7|PR-79-10|PR-79-12|PV-57-3|PV-57-4|PV-57-6;1
3;X;I;-;L;X_I;08:00:00-20:00:00;#001689;El Peuco;PV-88-15|PV-88-13|PV-88-11|PV-88-9|PV-88-7|PV-88-5|PV-88-3|PV-88-1|P-52-20|P-52-19|P-52-16|P-52-14|P-52-13|P-52-11|P-52-10|PV-52-6|PV-22-1|PR-20-6|PV-13-3|PV-15-6|PV-15-7|P-15-10|PR-15-13|PR-15-15|P-15-17|PR-15-18|P-10-4|P-16-2|P-16-3|P-16-4|PR-16-5|PV-16-6|PV-7-11|PV-7-12|PV-1-1|P-78-2|P-78-1|PR-63-10|PR-64-2|PR-79-1|PR-79-4|P-79-6|PR-79-7|PR-79-10|PR-79-12|PV-57-3|PV-57-4|PV-57-6;1
3;X;I;-;S;X_I;08:00:00-19:00:00;#001689;El Peuco;PV-88-15|PV-88-13|PV-88-11|PV-88-9|PV-88-7|PV-88-5|PV-88-3|PV-88-1|P-52-20|P-52-19|P-52-16|P-52-14|P-52-13|P-52-11|P-52-10|PV-52-6|PV-22-1|PR-20-6|PV-13-3|PV-15-6|PV-15-7|P-15-10|PR-15-13|PR-15-15|P-15-17|PR-15-18|P-10-4|P-16-2|P-16-3|P-16-4|PR-16-5|PV-16-6|PV-7-11|PV-7-12|PV-1-1|P-78-2|P-78-1|PR-63-10|PR-64-2|PR-79-1|PR-79-4|P-79-6|PR-79-7|PR-79-10|PR-79-12|PV-57-3|PV-57-4|PV-57-6;1
3;X;R;-;D;X_R;10:00:00-19:00:00;#001689;Barrio Industrial;P-3-1|P-40-1|P-79-11|P-79-9|P-79-8|P-79-5|P-79-3|P-79-2|P-64-1|PR-2-1|P-63-11|P-63-9|PV-78-3|PV-1-2|PV-7-13|PR-63-5|PV-63-1|PR-7-10|PR-7-9|P-7-8|P-7-7|P-7-6|P-7-5|PV-7-2|PR-25-3|PV-25-5|P-15-16|PR-15-14|P-15-12|PR-15-11|P-15-9|P-15-8|PV-13-5|PV-20-7|PV-20-5|PV-21-1|P-52-8|P-52-9|PR-52-12|P-52-15|P-52-17|P-52-18|P-52-21|PV-88-2|PV-88-4|PV-88-6|PV-88-8|PV-88-10|PV-88-12|PV-88-14|PV-88-16;1
3;X;R;-;L;X_R;08:00:00-20:00:00;#001689;Barrio Industrial;P-3-1|P-40-1|P-79-11|P-79-9|P-79-8|P-79-5|P-79-3|P-79-2|P-64-1|PR-2-1|P-63-11|P-63-9|PV-78-3|PV-1-2|PV-7-13|PR-63-5|PV-63-1|PR-7-10|PR-7-9|P-7-8|P-7-7|P-7-6|P-7-5|PV-7-2|PR-25-3|PV-25-5|P-15-16|PR-15-14|P-15-12|PR-15-11|P-15-9|P-15-8|PV-13-5|PV-20-7|PV-20-5|PV-21-1|P-52-8|P-52-9|PR-52-12|P-52-15|P-52-17|P-52-18|P-52-21|PV-88-2|PV-88-4|PV-88-6|PV-88-8|PV-88-10|PV-88-12|PV-88-14|PV-88-16;1
3;X;R;-;S;X_R;09:00:00-19:00:00;#001689;Barrio Industrial;P-3-1|P-40-1|P-79-11|P-79-9|P-79-8|P-79-5|P-79-3|P-79-2|P-64-1|PR-2-1|P-63-11|P-63-9|PV-78-3|PV-1-2|PV-7-13|PR-63-5|PV-63-1|PR-7-10|PR-7-9|P-7-8|P-7-7|P-7-6|P-7-5|PV-7-2|PR-25-3|PV-25-5|P-15-16|PR-15-14|P-15-12|PR-15-11|P-15-9|P-15-8|PV-13-5|PV-20-7|PV-20-5|PV-21-1|P-52-8|P-52-9|PR-52-12|P-52-15|P-52-17|P-52-18|P-52-21|PV-88-2|PV-88-4|PV-88-6|PV-88-8|PV-88-10|PV-88-12|PV-88-14|PV-88-16;1
3;Z;I;-;D;Z_I;09:00:00-19:00:00;#231f20;El Manzano;PV-61-1|PV-61-3|PV-92-2|P-5-5|PV-33-2|PV-54-6|PR-46-8|PV-13-2|PV-13-3|PV-15-6|PV-15-7|P-15-10|PR-15-13|PR-15-15|P-15-17|P-25-6|P-25-4|PR-25-2|PV-25-1|P-8-3|PV-11-7|PV-50-10|PV-50-8|PV-50-6|PV-45-4|PV-30-2|PV-50-3|PV-50-1|PV-41-1|PV-87-2|PV-8-1|PV-66-1|PV-97-2|PV-97-5|PV-97-7|PV-97-9|P-97-12|PV-97-14|P-46-21|PV-46-22|PV-42-1|P-16-1|P-16-2|P-16-3|P-16-4|PR-16-5|PV-67-1;1
3;Z;I;-;L;Z_I;08:00:00-20:00:00;#231f20;El Manzano;PV-61-1|PV-61-3|PV-92-2|P-5-5|PV-33-2|PV-54-6|PR-46-8|PV-13-2|PV-13-3|PV-15-6|PV-15-7|P-15-10|PR-15-13|PR-15-15|P-15-17|P-25-6|P-25-4|PR-25-2|PV-25-1|P-8-3|PV-11-7|PV-50-10|PV-50-8|PV-50-6|PV-45-4|PV-30-2|PV-50-3|PV-50-1|PV-41-1|PV-87-2|PV-8-1|PV-66-1|PV-97-2|PV-97-5|PV-97-7|PV-97-9|P-97-12|PV-97-14|P-46-21|PV-46-22|PV-42-1|P-16-1|P-16-2|P-16-3|P-16-4|PR-16-5|PV-67-1;1
3;Z;I;-;S;Z_I;08:00:00-19:00:00;#231f20;El Manzano;PV-61-1|PV-61-3|PV-92-2|P-5-5|PV-33-2|PV-54-6|PR-46-8|PV-13-2|PV-13-3|PV-15-6|PV-15-7|P-15-10|PR-15-13|PR-15-15|P-15-17|P-25-6|P-25-4|PR-25-2|PV-25-1|P-8-3|PV-11-7|PV-50-10|PV-50-8|PV-50-6|PV-45-4|PV-30-2|PV-50-3|PV-50-1|PV-41-1|PV-87-2|PV-8-1|PV-66-1|PV-97-2|PV-97-5|PV-97-7|PV-97-9|P-97-12|PV-97-14|P-46-21|PV-46-22|PV-42-1|P-16-1|P-16-2|P-16-3|P-16-4|PR-16-5|PV-67-1;1
3;Z;R;-;D;Z_R;10:00:00-19:00:00;#231f20;Huayquitina;PR-7-10|PR-7-9|P-7-8|P-7-7|P-7-6|P-7-5|P-93-3|PV-46-20|PV-97-15|PV-97-13|PV-97-11|P-97-10|PV-97-8|P-97-6|PV-97-3|PV-97-1|PV-66-2|PV-8-2|PV-87-1|PV-41-2|PV-50-2|PV-50-4|PV-30-2|PV-45-5|PV-50-7|PV-50-9|PV-31-1|PV-31-2|PV-66-14|PV-66-15|PR-25-3|PV-25-5|P-15-16|PR-15-14|P-15-12|PR-15-11|P-15-9|P-15-8|PV-13-5|PV-13-3|PV-13-1|PR-46-7|PV-54-5|PV-33-1|PV-5-4|PV-60-1|PV-61-2|PV-52-1;1
3;Z;R;-;L;Z_R;08:00:00-20:00:00;#231f20;Huayquitina;PR-7-10|PR-7-9|P-7-8|P-7-7|P-7-6|P-7-5|P-93-3|PV-46-20|PV-97-15|PV-97-13|PV-97-11|P-97-10|PV-97-8|P-97-6|PV-97-3|PV-97-1|PV-66-2|PV-8-2|PV-87-1|PV-41-2|PV-50-2|PV-50-4|PV-30-2|PV-45-5|PV-50-7|PV-50-9|PV-31-1|PV-31-2|PV-66-14|PV-66-15|PR-25-3|PV-25-5|P-15-16|PR-15-14|P-15-12|PR-15-11|P-15-9|P-15-8|PV-13-5|PV-13-3|PV-13-1|PR-46-7|PV-54-5|PV-33-1|PV-5-4|PV-60-1|PV-61-2|PV-52-1;1
3;Z;R;-;S;Z_R;09:00:00-19:00:00;#231f20;Huayquitina;PR-7-10|PR-7-9|P-7-8|P-7-7|P-7-6|P-7-5|P-93-3|PV-46-20|PV-97-15|PV-97-13|PV-97-11|P-97-10|PV-97-8|P-97-6|PV-97-3|PV-97-1|PV-66-2|PV-8-2|PV-87-1|PV-41-2|PV-50-2|PV-50-4|PV-30-2|PV-45-5|PV-50-7|PV-50-9|PV-31-1|PV-31-2|PV-66-14|PV-66-15|PR-25-3|PV-25-5|P-15-16|PR-15-14|P-15-12|PR-15-11|P-15-9|P-15-8|PV-13-5|PV-13-3|PV-13-1|PR-46-7|PV-54-5|PV-33-1|PV-5-4|PV-60-1|PV-61-2|PV-52-1;1
