101;Cerrillos;Domingo y Festivos;05:30;00:30
101;Cerrillos;Lunes a Viernes;05:30;00:30
101;Cerrillos;Sábado;05:30;00:30
101;Recoleta;Domingo y Festivos;05:30;00:30
101;Recoleta;Lunes a Viernes;05:30;00:30
101;Recoleta;Sábado;05:30;00:30
101c;Cerrillos;Lunes a Viernes;06:30;08:25
101c;Cerrillos;Lunes a Viernes;17:30;20:24
101c;(M) Las Rejas;Lunes a Viernes;06:30;08:29
101c;(M) Las Rejas;Lunes a Viernes;17:30;20:24
102;Mall Plaza Tobalaba;Lunes a Viernes;05:30;00:30
102;Mall Plaza Tobalaba;Domingo y Festivos;05:30;00:30
102;Mall Plaza Tobalaba;Sábado;05:30;00:30
102;(M) Las Rejas;Domingo y Festivos;05:30;00:30
102;(M) Las Rejas;Lunes a Viernes;05:30;00:30
102;(M) Las Rejas;Sábado;05:30;00:30
103;San Joaquin;Domingo y Festivos;05:30;00:30
103;San Joaquin;Sábado;05:30;00:40
103;San Joaquin;Lunes a Viernes;05:30;00:40
103;Providencia;Domingo y Festivos;05:30;00:30
103;Providencia;Sábado;05:30;00:40
103;Providencia;Lunes a Viernes;05:30;00:40
104;Mall Plaza Tobalaba;Domingo y Festivos;00:00;23:59
104;Mall Plaza Tobalaba;Lunes a Viernes;00:00;23:59
104;Mall Plaza Tobalaba;Sábado;00:00;23:59
104;Providencia;Domingo y Festivos;00:00;23:59
104;Providencia;Sábado;00:00;23:59
104;Providencia;Lunes a Viernes;00:00;23:59
105;Lo Espejo;Lunes a Viernes;05:30;23:39
105;Lo Espejo;Sábado;05:30;23:35
105;Lo Espejo;Domingo y Festivos;05:30;23:30
105;Renca;Lunes a Viernes;05:30;23:39
105;Renca;Domingo y Festivos;05:30;23:30
105;Renca;Sábado;05:30;23:48
106;La Florida;Domingo y Festivos;05:30;23:40
106;La Florida;Lunes a Viernes;05:30;23:40
106;La Florida;Sábado;05:30;23:40
106;Nueva San Martin;Sábado;05:30;00:30
106;Nueva San Martin;Lunes a Viernes;05:30;00:30
106;Nueva San Martin;Domingo y Festivos;05:30;00:30
107;Av. Departamental;Lunes a Viernes;00:00;23:59
107;Av. Departamental;Sábado;00:00;23:59
107;Av. Departamental;Domingo y Festivos;00:00;23:59
107;Ciudad Empresarial;Sábado;00:00;23:59
107;Ciudad Empresarial;Domingo y Festivos;00:00;23:59
107;Ciudad Empresarial;Lunes a Viernes;00:00;23:59
107c;Plaza Renca;Lunes a Viernes;06:30;08:27
107c;Plaza Renca;Lunes a Viernes;17:30;20:24
107c;Ciudad Empresarial;Lunes a Viernes;06:30;08:18
107c;Ciudad Empresarial;Lunes a Viernes;17:30;20:18
108;La Florida;Lunes a Viernes;05:30;00:30
108;La Florida;Domingo y Festivos;05:30;00:30
108;La Florida;Sábado;05:30;00:30
108;Maipu;Domingo y Festivos;05:30;00:30
108;Maipu;Lunes a Viernes;05:30;00:30
108;Maipu;Sábado;05:30;00:30
109;Maipu;Sábado;05:30;23:45
109;Maipu;Lunes a Viernes;05:30;23:30
109;Maipu;Domingo y Festivos;05:30;23:45
109;Renca;Domingo y Festivos;05:30;23:45
109;Renca;Sábado;05:30;23:45
109;Renca;Lunes a Viernes;05:30;23:45
109n;Maipu;Lunes a Viernes;00:00;05:00
109n;Maipu;Domingo y Festivos;00:00;05:06
109n;Maipu;Sábado;00:00;05:00
109n;(M) Quinta Normal;Lunes a Viernes;00:00;05:00
109n;(M) Quinta Normal;Domingo y Festivos;00:00;05:00
109n;(M) Quinta Normal;Sábado;00:00;05:00
110;Maipu;Domingo y Festivos;05:30;00:30
110;Maipu;Sábado;05:30;00:30
110;Maipu;Lunes a Viernes;05:30;00:30
110;Renca;Domingo y Festivos;05:30;00:30
110;Renca;Lunes a Viernes;05:30;00:30
110;Renca;Sábado;05:30;00:30
110c;Pudahuel Sur;Domingo y Festivos;10:00;20:50
110c;Pudahuel Sur;Lunes a Viernes;06:30;21:22
110c;Pudahuel Sur;Sábado;09:48;20:24
110c;Renca;Lunes a Viernes;06:30;21:29
110c;Renca;Domingo y Festivos;10:30;20:50
110c;Renca;Sábado;10:24;20:24
111;Ciudad Satelite;Domingo y Festivos;05:30;00:30
111;Ciudad Satelite;Lunes a Viernes;05:30;00:30
111;Ciudad Satelite;Sábado;05:30;00:30
111;(M) Pajaritos;Sábado;05:30;00:30
111;(M) Pajaritos;Lunes a Viernes;05:30;00:30
111;(M) Pajaritos;Domingo y Festivos;05:30;00:30
112;(M) Vespucio Norte;Domingo y Festivos;05:30;23:48
112;(M) Vespucio Norte;Lunes a Viernes;05:30;23:48
112;(M) Vespucio Norte;Sábado;05:30;23:48
112;Nonato Coo;Domingo y Festivos;05:30;23:48
112;Nonato Coo;Sábado;05:30;23:48
112;Nonato Coo;Lunes a Viernes;05:30;23:40
112n;Recoleta;Lunes a Viernes;00:00;05:20
112n;Recoleta;Domingo y Festivos;00:00;05:20
112n;Recoleta;Sábado;00:00;05:20
112n;Av. La Florida;Domingo y Festivos;00:00;05:20
112n;Av. La Florida;Sábado;00:00;05:20
112n;Av. La Florida;Lunes a Viernes;00:00;05:20
113;(M) La Moneda;Domingo y Festivos;05:30;23:45
113;(M) La Moneda;Sábado;05:30;23:45
113;(M) La Moneda;Lunes a Viernes;05:30;23:45
113;Ciudad Satelite;Domingo y Festivos;05:30;23:45
113;Ciudad Satelite;Lunes a Viernes;06:30;23:45
113;Ciudad Satelite;Sábado;05:30;23:45
113e;(M) La Moneda;Lunes a Viernes;06:00;08:45
113e;Ciudad Satelite;Lunes a Viernes;17:33;21:24
114;Mall Plaza Tobalaba;Domingo y Festivos;05:30;20:59
114;Mall Plaza Tobalaba;Lunes a Viernes;05:30;21:21
114;Mall Plaza Tobalaba;Sábado;05:30;20:15
114;Providencia;Lunes a Viernes;05:39;21:29
114;Providencia;Sábado;05:30;20:29
114;Providencia;Domingo y Festivos;05:33;20:59
115;(M) La Moneda;Lunes a Viernes;05:30;23:45
115;(M) La Moneda;Sábado;05:30;23:45
115;(M) La Moneda;Domingo y Festivos;05:30;23:30
115;Villa El Abrazo;Lunes a Viernes;06:30;00:30
115;Villa El Abrazo;Domingo y Festivos;06:15;23:40
115;Villa El Abrazo;Sábado;06:36;23:45
116;Santiago Centro;Lunes a Viernes;05:30;23:45
116;Santiago Centro;Sábado;05:30;23:30
116;Santiago Centro;Domingo y Festivos;06:00;23:40
116;Huechuraba;Domingo y Festivos;06:24;23:40
116;Huechuraba;Sábado;05:30;23:30
116;Huechuraba;Lunes a Viernes;05:30;23:45
117;San Joaquin;Lunes a Viernes;05:30;23:40
117;San Joaquin;Domingo y Festivos;06:50;22:50
117;San Joaquin;Sábado;06:30;22:52
117;(M) Vespucio Norte;Lunes a Viernes;05:30;23:40
117;(M) Vespucio Norte;Domingo y Festivos;07:50;22:50
117;(M) Vespucio Norte;Sábado;06:30;22:52
117c;Providencia;Lunes a Viernes;05:39;09:07
117c;Providencia;Lunes a Viernes;17:30;21:10
117c;Huechuraba;Lunes a Viernes;05:30;09:08
117c;Huechuraba;Lunes a Viernes;17:30;21:10
118;Mall Plaza Vespucio;Sábado;05:30;23:45
118;Mall Plaza Vespucio;Lunes a Viernes;05:30;23:45
118;Mall Plaza Vespucio;Domingo y Festivos;05:30;23:30
118;Maipu;Lunes a Viernes;05:30;23:45
118;Maipu;Sábado;05:30;23:45
118;Maipu;Domingo y Festivos;05:30;23:30
119;Lo Espejo;Domingo y Festivos;00:00;23:59
119;Lo Espejo;Sábado;00:00;23:59
119;Lo Espejo;Lunes a Viernes;00:00;23:59
119;Mapocho;Domingo y Festivos;00:00;23:59
119;Mapocho;Sábado;00:00;23:59
119;Mapocho;Lunes a Viernes;00:00;23:59
120;(M) La Cisterna;Domingo y Festivos;05:30;23:30
120;(M) La Cisterna;Sábado;05:30;23:30
120;(M) La Cisterna;Lunes a Viernes;05:30;23:40
120;Renca;Lunes a Viernes;05:30;23:40
120;Renca;Domingo y Festivos;05:33;23:30
120;Renca;Sábado;05:30;23:30
121;Lo Espejo;Domingo y Festivos;05:30;23:48
121;Lo Espejo;Sábado;05:30;23:48
121;Lo Espejo;Lunes a Viernes;05:30;23:48
121;Mapocho;Domingo y Festivos;05:30;23:48
121;Mapocho;Sábado;05:30;23:48
121;Mapocho;Lunes a Viernes;05:30;23:49
125;Lo Espejo;Domingo y Festivos;05:30;22:50
125;Lo Espejo;Lunes a Viernes;05:30;22:59
125;Lo Espejo;Sábado;05:30;22:45
125;(M) U. De Chile;Domingo y Festivos;05:30;22:50
125;(M) U. De Chile;Lunes a Viernes;05:30;22:59
125;(M) U. De Chile;Sábado;05:30;22:45
126;La Higuera;Lunes a Viernes;06:30;20:22
126;(M) Manuel Montt;Lunes a Viernes;06:00;20:18
201;San Bernardo;Sábado;00:00;23:59
201;San Bernardo;Domingo y Festivos;00:00;23:59
201;San Bernardo;Lunes a Viernes;00:00;23:59
201;Mall Plaza Norte;Lunes a Viernes;00:00;23:59
201;Mall Plaza Norte;Sábado;00:00;23:59
201;Mall Plaza Norte;Domingo y Festivos;00:00;23:59
201e;San Bernardo;Sábado;05:30;22:48
201e;San Bernardo;Domingo y Festivos;09:30;22:48
201e;San Bernardo;Lunes a Viernes;05:30;23:48
201e;Mall Plaza Norte;Lunes a Viernes;05:30;23:48
201e;Mall Plaza Norte;Sábado;05:30;22:48
201e;Mall Plaza Norte;Domingo y Festivos;09:30;22:48
202c;Mapocho;Lunes a Viernes;17:30;21:24
202c;Mapocho;Lunes a Viernes;06:30;08:25
202c;El Cortijo;Lunes a Viernes;17:30;21:24
202c;El Cortijo;Lunes a Viernes;06:30;08:25
203;La Pintana;Lunes a Viernes;05:30;00:45
203;La Pintana;Domingo y Festivos;05:30;00:45
203;La Pintana;Sábado;05:30;00:45
203;Huechuraba;Sábado;05:30;00:45
203;Huechuraba;Domingo y Festivos;05:30;00:45
203;Huechuraba;Lunes a Viernes;05:30;00:45
203e;La Pintana;Lunes a Viernes;06:30;08:25
203e;La Pintana;Lunes a Viernes;17:30;21:24
203e;Centro;Lunes a Viernes;17:30;21:24
203e;Centro;Lunes a Viernes;06:30;08:25
204;Gabriela;Lunes a Viernes;00:00;23:59
204;Gabriela;Domingo y Festivos;00:00;23:59
204;Gabriela;Sábado;00:00;23:59
204;Alameda;Sábado;00:00;23:59
204;Alameda;Domingo y Festivos;00:00;23:59
204;Alameda;Lunes a Viernes;00:00;23:59
204e;Gabriela;Lunes a Viernes;17:30;21:20
204e;Gabriela;Lunes a Viernes;06:30;08:24
204e;Alameda;Lunes a Viernes;06:30;08:24
204e;Alameda;Lunes a Viernes;17:30;21:20
205;Puente Alto;Sábado;05:30;00:40
205;Puente Alto;Domingo y Festivos;05:30;00:40
205;Puente Alto;Lunes a Viernes;05:30;00:40
205;Santiago;Lunes a Viernes;05:30;00:40
205;Santiago;Sábado;05:30;00:40
205;Santiago;Domingo y Festivos;05:30;00:40
205e;Puente Alto;Lunes a Viernes;06:32;08:27
205e;Puente Alto;Lunes a Viernes;17:33;21:21
205e;Santiago;Lunes a Viernes;17:33;21:21
205e;Santiago;Lunes a Viernes;06:32;08:27
206;La Pintana;Lunes a Viernes;05:30;00:45
206;La Pintana;Domingo y Festivos;05:30;00:45
206;La Pintana;Sábado;05:30;00:45
206;Centro;Domingo y Festivos;05:30;00:45
206;Centro;Lunes a Viernes;05:30;00:45
206;Centro;Sábado;05:30;00:45
206e;La Pintana;Lunes a Viernes;17:30;21:18
206e;La Pintana;Lunes a Viernes;06:30;08:20
206e;Centro;Lunes a Viernes;17:30;21:18
206e;Centro;Lunes a Viernes;06:30;08:22
207c;La Pintana;Lunes a Viernes;17:30;22:47
207c;La Granja;Lunes a Viernes;17:30;22:47
207e;La Pintana;Lunes a Viernes;06:30;08:20
207e;La Pintana;Lunes a Viernes;17:30;22:48
207e;Mapocho;Lunes a Viernes;17:30;22:48
207e;Mapocho;Lunes a Viernes;06:30;08:20
208;Centro;Domingo y Festivos;00:00;23:59
208;Centro;Sábado;00:00;23:59
208;Centro;Lunes a Viernes;00:00;23:59
208;Huechuraba;Domingo y Festivos;00:00;23:59
208;Huechuraba;Lunes a Viernes;00:00;23:59
208;Huechuraba;Sábado;00:00;23:59
208c;(M) Zapadores;Lunes a Viernes;17:30;22:52
208c;(M) Zapadores;Lunes a Viernes;06:30;09:20
208c;Huechuraba;Lunes a Viernes;06:30;09:20
208c;Huechuraba;Lunes a Viernes;17:30;22:52
209;El Volcan;Sábado;05:30;00:45
209;El Volcan;Domingo y Festivos;05:30;00:45
209;El Volcan;Lunes a Viernes;05:30;00:45
209;Alameda;Domingo y Festivos;05:30;00:45
209;Alameda;Sábado;05:30;00:45
209;Alameda;Lunes a Viernes;05:00;00:45
209e;El Volcan;Lunes a Viernes;17:30;22:47
209e;El Volcan;Lunes a Viernes;06:30;08:18
209e;Alameda;Lunes a Viernes;17:30;22:47
209e;Alameda;Lunes a Viernes;06:30;08:18
210;Puente Alto;Lunes a Viernes;00:00;23:59
210;Puente Alto;Domingo y Festivos;00:00;23:59
210;Puente Alto;Sábado;00:00;23:59
210;Estacion Central;Sábado;00:00;23:59
210;Estacion Central;Domingo y Festivos;00:00;23:59
210;Estacion Central;Lunes a Viernes;00:00;23:59
210v;Av. Mexico;Domingo y Festivos;05:30;23:48
210v;Av. Mexico;Sábado;05:30;23:45
210v;Av. Mexico;Lunes a Viernes;05:30;23:40
210v;Estacion Central;Lunes a Viernes;05:30;23:40
210v;Estacion Central;Domingo y Festivos;05:30;23:48
210v;Estacion Central;Sábado;05:30;23:45
211;Nos;Sábado;00:00;23:59
211;Nos;Lunes a Viernes;00:00;23:59
211;Nos;Domingo y Festivos;00:00;23:59
211;La Florida;Domingo y Festivos;00:00;23:59
211;La Florida;Sábado;00:00;23:59
211;La Florida;Lunes a Viernes;00:00;23:59
211c;San Bernardo;Lunes a Viernes;05:30;23:50
211c;(M) La Cisterna;Lunes a Viernes;05:30;23:50
212;La Pintana;Domingo y Festivos;05:30;00:45
212;La Pintana;Sábado;05:30;00:45
212;La Pintana;Lunes a Viernes;05:30;00:45
212;Providencia;Domingo y Festivos;05:30;00:45
212;Providencia;Sábado;05:30;00:45
212;Providencia;Lunes a Viernes;05:30;00:45
213e;Puente Alto;Lunes a Viernes;05:30;23:54
213e;Plaza Italia;Lunes a Viernes;05:30;23:54
214;El Cortijo;Lunes a Viernes;05:30;23:45
214;El Cortijo;Sábado;05:30;23:45
214;El Cortijo;Domingo y Festivos;05:30;23:45
214;Santa Olga;Lunes a Viernes;05:30;23:45
214;Santa Olga;Domingo y Festivos;05:30;23:45
214;Santa Olga;Sábado;05:30;23:45
216;Vitacura;Domingo y Festivos;05:30;00:40
216;Vitacura;Sábado;05:30;00:40
216;Vitacura;Lunes a Viernes;05:00;00:40
216;Pablo De Rokha;Lunes a Viernes;05:30;00:40
216;Pablo De Rokha;Domingo y Festivos;05:30;00:40
216;Pablo De Rokha;Sábado;05:30;00:40
217e;(M) Santa Ana;Lunes a Viernes;17:30;20:20
217e;(M) Santa Ana;Lunes a Viernes;05:30;09:24
217e;Maestranza;Lunes a Viernes;06:00;09:18
217e;Maestranza;Lunes a Viernes;17:30;20:25
218e;Matucana;Lunes a Viernes;06:30;08:25
218e;Matucana;Lunes a Viernes;17:30;19:37
218e;San Bernardo;Lunes a Viernes;07:10;08:25
218e;San Bernardo;Lunes a Viernes;17:30;20:27
219e;Ciudad Empresarial;Lunes a Viernes;17:30;21:00
219e;Ciudad Empresarial;Lunes a Viernes;05:30;09:20
219e;(M) La Cisterna;Lunes a Viernes;06:00;08:30
219e;(M) La Cisterna;Lunes a Viernes;17:30;21:20
221e;Matucana;Lunes a Viernes;17:30;19:30
221e;Matucana;Lunes a Viernes;05:30;08:50
221e;Puente Alto;Lunes a Viernes;06:30;08:15
221e;Puente Alto;Lunes a Viernes;17:30;20:18
222e;(M) Santa Ana;Lunes a Viernes;18:00;19:30
222e;(M) Santa Ana;Lunes a Viernes;05:30;08:15
222e;Puente Alto;Lunes a Viernes;06:30;07:30
222e;Puente Alto;Lunes a Viernes;17:30;20:15
223;Lo Espejo;Domingo y Festivos;05:30;00:45
223;Lo Espejo;Lunes a Viernes;05:30;00:45
223;Lo Espejo;Sábado;05:30;00:45
223;Ciudad Empresarial;Domingo y Festivos;05:30;00:45
223;Ciudad Empresarial;Sábado;05:30;00:45
223;Ciudad Empresarial;Lunes a Viernes;05:30;00:45
224;Gabriela;Lunes a Viernes;06:00;22:47
224;Gabriela;Sábado;06:00;22:50
224;Gabriela;Domingo y Festivos;06:00;22:48
224;Ñuñoa;Lunes a Viernes;05:30;22:47
224;Ñuñoa;Domingo y Festivos;05:30;22:48
224;Ñuñoa;Sábado;05:30;22:50
224c;Gabriela;Lunes a Viernes;17:30;22:45
224c;(M) Vicente Valdes;Lunes a Viernes;17:30;22:42
224n;Gabriela;Sábado;23:00;05:07
224n;Gabriela;Domingo y Festivos;23:00;05:03
224n;Gabriela;Lunes a Viernes;23:00;05:07
224n;(M) Pedrero;Domingo y Festivos;23:00;05:03
224n;(M) Pedrero;Sábado;23:00;05:07
224n;(M) Pedrero;Lunes a Viernes;23:00;05:07
225;Bahía Catalina;Sábado;05:30;00:40
225;Bahía Catalina;Domingo y Festivos;05:30;00:40
225;Bahía Catalina;Lunes a Viernes;05:30;00:40
225;Las Condes;Sábado;05:30;00:40
225;Las Condes;Lunes a Viernes;05:30;00:40
225;Las Condes;Domingo y Festivos;05:30;00:40
226;Nonato Coo;Domingo y Festivos;05:30;00:45
226;Nonato Coo;Lunes a Viernes;05:30;00:45
226;Nonato Coo;Sábado;05:30;00:45
226;Mapocho;Sábado;05:30;00:45
226;Mapocho;Domingo y Festivos;05:30;00:45
226;Mapocho;Lunes a Viernes;05:30;00:45
227;Pedro Aguirre Cerda;Lunes a Viernes;05:30;00:40
227;Pedro Aguirre Cerda;Sábado;05:30;00:40
227;Pedro Aguirre Cerda;Domingo y Festivos;05:30;00:40
227;La Reina;Domingo y Festivos;05:30;00:40
227;La Reina;Sábado;05:30;00:40
227;La Reina;Lunes a Viernes;05:30;00:40
228;Angelmo;Lunes a Viernes;05:30;00:40
228;Angelmo;Domingo y Festivos;05:30;00:40
228;Angelmo;Sábado;05:30;00:40
228;(M) La Cisterna;Domingo y Festivos;05:30;00:40
228;(M) La Cisterna;Sábado;05:30;00:40
228;(M) La Cisterna;Lunes a Viernes;05:30;00:40
229;La Pintana;Domingo y Festivos;05:30;00:40
229;La Pintana;Sábado;05:30;00:40
229;La Pintana;Lunes a Viernes;05:30;00:40
229;(M) La Moneda;Domingo y Festivos;05:30;00:40
229;(M) La Moneda;Sábado;05:30;00:40
229;(M) La Moneda;Lunes a Viernes;05:30;00:40
230;La Pintana;Lunes a Viernes;00:00;23:59
230;La Pintana;Domingo y Festivos;00:00;23:59
230;La Pintana;Sábado;00:00;23:59
230;Conchalí;Sábado;00:00;23:59
230;Conchalí;Lunes a Viernes;00:00;23:59
230;Conchalí;Domingo y Festivos;00:00;23:59
261e;San Bernardo;Lunes a Viernes;07:30;07:50
261e;San Bernardo;Lunes a Viernes;17:30;21:18
261e;(M) Los Heroes;Lunes a Viernes;18:00;21:10
261e;(M) Los Heroes;Lunes a Viernes;06:30;08:20
301;Angelmó;Sábado;00:00;23:59
301;Angelmó;Domingo y Festivos;00:00;23:59
301;Angelmó;Lunes a Viernes;00:00;23:59
301;Juan Antonio Ríos;Lunes a Viernes;00:00;23:59
301;Juan Antonio Ríos;Domingo y Festivos;00:00;23:59
301;Juan Antonio Ríos;Sábado;00:00;23:59
301c;Angelmó;Lunes a Viernes;05:30;23:50
301c;Angelmó;Domingo y Festivos;07:30;23:50
301c;Angelmó;Sábado;06:30;23:50
301c;(M) La Cisterna;Lunes a Viernes;05:00;22:45
301c;(M) La Cisterna;Domingo y Festivos;07:30;22:50
301c;(M) La Cisterna;Sábado;06:30;22:52
301c2;Lo Blanco;Lunes a Viernes;17:30;20:24
301c2;(M) La Cisterna;Lunes a Viernes;05:00;09:20
301e;Angelmó;Lunes a Viernes;05:30;09:22
301e;Angelmó;Lunes a Viernes;17:30;21:24
301e;(M) La Moneda;Lunes a Viernes;05:00;09:23
301e;(M) La Moneda;Lunes a Viernes;17:30;21:20
302;La Pintana;Domingo y Festivos;05:30;00:45
302;La Pintana;Sábado;05:30;00:45
302;La Pintana;Lunes a Viernes;05:30;00:45
302;(M) Santa Ana;Domingo y Festivos;05:30;00:30
302;(M) Santa Ana;Lunes a Viernes;05:30;00:30
302;(M) Santa Ana;Sábado;05:30;00:30
302e;San Ramón;Lunes a Viernes;17:30;21:15
302e;San Ramón;Lunes a Viernes;06:00;09:00
302e;(M) Los Heroes;Lunes a Viernes;17:30;20:18
302e;(M) Los Heroes;Lunes a Viernes;06:00;08:54
302n;La Pintana;Sábado;01:15;05:15
302n;La Pintana;Domingo y Festivos;01:15;05:15
302n;La Pintana;Lunes a Viernes;01:15;05:15
302n;Alameda;Domingo y Festivos;01:00;05:00
302n;Alameda;Sábado;01:00;05:00
302n;Alameda;Lunes a Viernes;01:00;05:15
303;Plaza Italia;Lunes a Viernes;00:00;23:59
303;Plaza Italia;Sábado;00:00;23:59
303;Plaza Italia;Domingo y Festivos;00:00;23:59
303;Quilicura;Sábado;00:00;23:59
303;Quilicura;Domingo y Festivos;00:00;23:59
303;Quilicura;Lunes a Viernes;00:00;23:59
303e;(M) Santa Ana;Lunes a Viernes;17:30;21:20
303e;(M) Santa Ana;Lunes a Viernes;05:30;09:22
303e;Quilicura;Lunes a Viernes;05:30;09:18
303e;Quilicura;Lunes a Viernes;17:30;21:24
307;Plaza Italia;Domingo y Festivos;05:15;00:30
307;Plaza Italia;Lunes a Viernes;05:00;00:30
307;Plaza Italia;Sábado;05:15;00:30
307;Lo Marcoleta;Domingo y Festivos;05:40;01:10
307;Lo Marcoleta;Lunes a Viernes;05:40;01:00
307;Lo Marcoleta;Sábado;05:40;01:10
307e;Plaza Italia;Lunes a Viernes;05:00;09:24
307e;Plaza Italia;Lunes a Viernes;17:30;21:22
307e;Rigoberto Jara;Lunes a Viernes;05:30;09:22
307e;Rigoberto Jara;Lunes a Viernes;17:30;21:24
308;Mapocho;Lunes a Viernes;05:00;00:30
308;Mapocho;Domingo y Festivos;05:30;00:30
308;Mapocho;Sábado;05:30;00:30
308;Lo Marcoleta;Domingo y Festivos;05:30;00:30
308;Lo Marcoleta;Sábado;05:30;00:30
308;Lo Marcoleta;Lunes a Viernes;05:30;00:30
312e;Mapocho;Lunes a Viernes;06:30;09:15
312e;Quilicura;Lunes a Viernes;17:30;21:18
313e;Estacion Central;Lunes a Viernes;06:30;09:10
313e;Estacion Central;Lunes a Viernes;17:30;20:20
313e;Quilicura;Lunes a Viernes;06:20;09:15
313e;Quilicura;Lunes a Viernes;17:30;21:15
314;Plaza Italia;Lunes a Viernes;05:00;00:30
314;Plaza Italia;Sábado;05:15;00:30
314;Plaza Italia;Domingo y Festivos;05:15;00:30
314;Lo Marcoleta;Sábado;05:50;01:10
314;Lo Marcoleta;Lunes a Viernes;05:40;01:10
314;Lo Marcoleta;Domingo y Festivos;05:50;01:10
314e;Plaza Italia;Lunes a Viernes;06:30;08:20
314e;Plaza Italia;Lunes a Viernes;16:30;19:18
314e;Lo Marcoleta;Lunes a Viernes;07:30;09:15
314e;Lo Marcoleta;Lunes a Viernes;17:30;20:18
315e;Plaza Italia;Domingo y Festivos;05:30;22:45
315e;Plaza Italia;Sábado;05:30;22:45
315e;Plaza Italia;Lunes a Viernes;05:00;23:45
315e;Rigoberto Jara;Sábado;05:45;22:54
315e;Rigoberto Jara;Domingo y Festivos;05:45;22:45
315e;Rigoberto Jara;Lunes a Viernes;05:40;23:48
316e;(M) Cal Y Canto;Lunes a Viernes;18:00;18:30
316e;San Ignacio;Lunes a Viernes;07:00;07:30
321;Lo Sierra;Lunes a Viernes;05:30;22:55
321;Lo Sierra;Sábado;05:30;22:55
321;Lo Sierra;Domingo y Festivos;05:45;22:42
321;(M) Lo Ovalle;Sábado;05:30;22:43
321;(M) Lo Ovalle;Domingo y Festivos;05:45;22:42
321;(M) Lo Ovalle;Lunes a Viernes;05:30;22:45
322;Jardin Alto;Lunes a Viernes;05:50;23:40
322;Jardin Alto;Sábado;06:10;23:40
322;Jardin Alto;Domingo y Festivos;06:30;23:40
322;(M) Bellavista De La Florida;Domingo y Festivos;06:30;23:40
322;(M) Bellavista De La Florida;Lunes a Viernes;05:30;23:40
322;(M) Bellavista De La Florida;Sábado;05:50;23:40
323;La Loma;Sábado;06:00;23:55
323;La Loma;Lunes a Viernes;05:45;23:55
323;La Loma;Domingo y Festivos;07:00;23:55
323;(M) Bellavista De La Florida;Domingo y Festivos;06:45;23:45
323;(M) Bellavista De La Florida;Lunes a Viernes;05:30;23:46
323;(M) Bellavista De La Florida;Sábado;05:45;23:45
345;Alameda;Sábado;05:30;00:30
345;Alameda;Lunes a Viernes;05:30;00:30
345;Alameda;Domingo y Festivos;05:30;00:30
345;Lo Espejo;Sábado;05:30;00:30
345;Lo Espejo;Domingo y Festivos;05:30;00:30
345;Lo Espejo;Lunes a Viernes;05:30;00:30
346n;Alameda;Sábado;01:15;05:15
346n;Alameda;Domingo y Festivos;01:15;05:15
346n;Alameda;Lunes a Viernes;01:15;05:15
346n;Lo Espejo;Lunes a Viernes;01:15;05:15
346n;Lo Espejo;Sábado;01:15;05:15
346n;Lo Espejo;Domingo y Festivos;01:15;05:15
348;(M) Lo Ovalle;Lunes a Viernes;05:30;23:45
348;(M) Lo Ovalle;Domingo y Festivos;05:30;23:40
348;(M) Lo Ovalle;Sábado;05:30;23:45
348;Rinconada;Lunes a Viernes;05:30;23:45
348;Rinconada;Domingo y Festivos;06:00;23:40
348;Rinconada;Sábado;05:45;23:45
350;Rinconada;Lunes a Viernes;05:30;23:30
350;Ciudad Satelite;Lunes a Viernes;05:30;23:30
385;Florida Center;Domingo y Festivos;06:15;00:30
385;Florida Center;Sábado;06:00;00:30
385;Florida Center;Lunes a Viernes;05:30;00:30
385;Villa Francia;Lunes a Viernes;00:30;00:30
385;Villa Francia;Sábado;06:15;00:30
385;Villa Francia;Domingo y Festivos;06:30;00:30
401;Las Condes;Lunes a Viernes;05:00;23:56
401;Las Condes;Sábado;05:00;23:48
401;Las Condes;Domingo y Festivos;05:00;23:56
401;Maipu;Sábado;06:00;00:36
401;Maipu;Lunes a Viernes;06:00;00:36
401;Maipu;Domingo y Festivos;06:30;00:48
401n;Los Dominicos;Domingo y Festivos;00:00;04:46
401n;Los Dominicos;Sábado;00:00;04:41
401n;Los Dominicos;Lunes a Viernes;00:00;04:41
401n;Maipu;Sábado;01:02;05:51
401n;Maipu;Domingo y Festivos;01:00;05:45
401n;Maipu;Lunes a Viernes;01:02;05:51
402;Mapocho;Domingo y Festivos;05:42;00:10
402;Mapocho;Lunes a Viernes;05:30;00:10
402;Mapocho;Sábado;05:30;00:10
402;Pudahuel;Domingo y Festivos;06:02;00:45
402;Pudahuel;Lunes a Viernes;06:10;00:47
402;Pudahuel;Sábado;06:02;00:47
403;La Reina;Lunes a Viernes;05:52;01:24
403;La Reina;Domingo y Festivos;05:50;01:24
403;La Reina;Sábado;05:40;01:24
403;(M) Santa Ana;Lunes a Viernes;05:15;00:52
403;(M) Santa Ana;Domingo y Festivos;05:30;00:54
403;(M) Santa Ana;Sábado;05:30;00:52
404;Mapocho;Sábado;05:30;00:38
404;Mapocho;Lunes a Viernes;05:30;00:38
404;Mapocho;Domingo y Festivos;05:30;00:30
404;El Descanso;Domingo y Festivos;06:00;00:45
404;El Descanso;Lunes a Viernes;06:00;00:52
404;El Descanso;Sábado;06:03;00:52
404c;(M) Las Rejas;Lunes a Viernes;06:00;08:55
404c;(M) Las Rejas;Lunes a Viernes;17:30;19:50
404c;El Descanso;Lunes a Viernes;07:00;08:21
404c;El Descanso;Lunes a Viernes;17:30;21:00
405;Cantagallo;Domingo y Festivos;00:02;23:59
405;Cantagallo;Lunes a Viernes;00:00;23:59
405;Cantagallo;Sábado;00:00;23:59
405;Maipu;Lunes a Viernes;00:00;23:59
405;Maipu;Sábado;00:00;23:59
405;Maipu;Domingo y Festivos;00:02;23:59
405c;Vitacura;Lunes a Viernes;16:32;19:53
405c;Vitacura;Lunes a Viernes;06:30;09:26
405c;Plaza Italia;Lunes a Viernes;16:00;20:50
405c;Plaza Italia;Lunes a Viernes;07:00;09:37
406;Cantagallo;Sábado;05:00;22:53
406;Cantagallo;Lunes a Viernes;05:00;23:50
406;Pudahuel;Lunes a Viernes;05:57;23:54
406;Pudahuel;Sábado;05:45;22:54
406c;Cantagallo;Lunes a Viernes;06:30;10:00
406c;Cantagallo;Lunes a Viernes;16:30;20:00
406c;Cantagallo;Sábado;06:30;22:45
406c;(M) Escuela Militar;Lunes a Viernes;16:40;20:20
406c;(M) Escuela Militar;Lunes a Viernes;07:00;09:20
406c;(M) Escuela Militar;Sábado;06:53;23:15
407;Las Condes;Domingo y Festivos;05:30;23:48
407;Las Condes;Sábado;05:05;23:48
407;Las Condes;Lunes a Viernes;05:32;23:48
407;Enea;Lunes a Viernes;06:00;00:30
407;Enea;Domingo y Festivos;05:48;00:24
407;Enea;Sábado;05:50;00:30
408;Mapocho;Lunes a Viernes;05:30;23:45
408;Mapocho;Domingo y Festivos;05:30;23:40
408;Mapocho;Sábado;05:30;23:48
408;Renca;Lunes a Viernes;05:49;00:10
408;Renca;Domingo y Festivos;05:35;00:10
408;Renca;Sábado;05:50;00:10
409;Plaza San Enrique;Sábado;05:30;00:20
409;Plaza San Enrique;Domingo y Festivos;05:30;00:20
409;Plaza San Enrique;Lunes a Viernes;05:39;00:20
409;Mapocho;Domingo y Festivos;06:00;00:40
409;Mapocho;Lunes a Viernes;05:58;00:50
409;Mapocho;Sábado;06:15;00:50
410;Providencia;Domingo y Festivos;05:30;23:50
410;Providencia;Lunes a Viernes;05:30;23:48
410;Providencia;Sábado;05:30;23:50
410;Renca;Lunes a Viernes;06:03;00:12
410;Renca;Domingo y Festivos;06:06;00:12
410;Renca;Sábado;05:59;00:12
411;Plaza San Enrique;Lunes a Viernes;05:39;23:50
411;Plaza San Enrique;Sábado;05:42;23:48
411;Plaza San Enrique;Domingo y Festivos;05:54;23:38
411;Providencia;Sábado;06:00;00:20
411;Providencia;Lunes a Viernes;06:00;00:20
411;Providencia;Domingo y Festivos;05:58;00:20
412;La Reina;Domingo y Festivos;05:30;01:30
412;La Reina;Sábado;05:43;01:30
412;La Reina;Lunes a Viernes;05:30;01:30
412;(M) San Pablo;Sábado;04:50;00:48
412;(M) San Pablo;Lunes a Viernes;04:50;00:48
412;(M) San Pablo;Domingo y Festivos;04:50;00:48
413c;(M) Las Rejas;Lunes a Viernes;06:00;08:50
413c;Avenida Portales;Lunes a Viernes;17:30;20:50
413v;(M) Plaza De Maipu;Lunes a Viernes;05:55;08:50
413v;Avenida Portales;Lunes a Viernes;17:30;20:20
414e;Los Trapenses;Lunes a Viernes;05:30;08:56
414e;(M) Pudahuel;Lunes a Viernes;17:00;20:47
415e;(M) Manquehue;Lunes a Viernes;06:08;09:20
415e;(M) Pudahuel;Lunes a Viernes;17:30;21:00
416e;Vitacura;Lunes a Viernes;06:00;09:28
416e;Maipu;Lunes a Viernes;17:30;20:29
417e;(M) Manquehue;Lunes a Viernes;06:00;09:28
417e;Maipu;Lunes a Viernes;17:30;21:28
418;Av. Tobalaba;Domingo y Festivos;05:30;00:20
418;Av. Tobalaba;Sábado;05:00;00:20
418;Av. Tobalaba;Lunes a Viernes;05:09;00:20
418;Enea;Lunes a Viernes;05:52;00:45
418;Enea;Sábado;05:58;00:45
418;Enea;Domingo y Festivos;05:45;00:45
419;Plaza Italia;Lunes a Viernes;05:39;23:48
419;Plaza Italia;Sábado;05:30;23:44
419;Plaza Italia;Domingo y Festivos;05:36;23:44
419;Villa Los Heroes;Lunes a Viernes;05:58;00:30
419;Villa Los Heroes;Domingo y Festivos;06:24;00:30
419;Villa Los Heroes;Sábado;05:44;00:30
420e;Lo Hermida;Lunes a Viernes;06:00;09:20
420e;Lo Hermida;Lunes a Viernes;17:30;21:29
420e;(M) Escuela Militar;Lunes a Viernes;17:30;21:00
420e;(M) Escuela Militar;Lunes a Viernes;05:30;09:22
421;San Carlos De Apoquindo;Lunes a Viernes;05:00;23:48
421;San Carlos De Apoquindo;Domingo y Festivos;05:00;23:48
421;San Carlos De Apoquindo;Sábado;05:00;23:48
421;Maipu;Lunes a Viernes;06:00;00:48
421;Maipu;Domingo y Festivos;06:00;00:48
421;Maipu;Sábado;06:00;00:48
422;La Reina;Domingo y Festivos;07:30;22:45
422;La Reina;Sábado;05:30;23:36
422;La Reina;Lunes a Viernes;05:30;23:30
422;Pobl. Teniente Merino;Domingo y Festivos;07:30;23:15
422;Pobl. Teniente Merino;Lunes a Viernes;06:30;23:30
422;Pobl. Teniente Merino;Sábado;05:30;23:42
423;Plaza Italia;Lunes a Viernes;05:30;23:48
423;Plaza Italia;Sábado;06:08;23:48
423;Plaza Italia;Domingo y Festivos;06:30;23:43
423;Segunda Transversal;Domingo y Festivos;06:54;23:43
423;Segunda Transversal;Lunes a Viernes;06:06;23:58
423;Segunda Transversal;Sábado;06:10;23:48
424;(M) U. De Chile;Domingo y Festivos;05:30;00:12
424;(M) U. De Chile;Lunes a Viernes;05:30;00:12
424;(M) U. De Chile;Sábado;05:30;00:12
424;Pudahuel Sur;Domingo y Festivos;05:58;00:45
424;Pudahuel Sur;Lunes a Viernes;06:00;00:45
424;Pudahuel Sur;Sábado;05:57;00:45
425;Lo Hermida;Domingo y Festivos;00:00;23:59
425;Lo Hermida;Sábado;00:00;23:59
425;Lo Hermida;Lunes a Viernes;00:00;23:59
425;Rigoberto Jara;Sábado;00:00;23:59
425;Rigoberto Jara;Domingo y Festivos;00:00;23:59
425;Rigoberto Jara;Lunes a Viernes;00:00;23:59
426;La Dehesa;Domingo y Festivos;00:00;23:59
426;La Dehesa;Lunes a Viernes;00:00;23:59
426;La Dehesa;Sábado;00:00;23:59
426;Pudahuel;Sábado;00:00;23:59
426;Pudahuel;Domingo y Festivos;00:00;23:59
426;Pudahuel;Lunes a Viernes;00:00;23:59
427;Vital Apoquindo;Lunes a Viernes;04:40;00:30
427;Vital Apoquindo;Sábado;04:50;00:30
427;Vital Apoquindo;Domingo y Festivos;05:30;00:30
427;Pudahuel;Lunes a Viernes;05:51;00:45
427;Pudahuel;Sábado;05:55;00:45
427;Pudahuel;Domingo y Festivos;06:42;00:45
428;(M) La Cisterna;Sábado;00:00;23:59
428;(M) La Cisterna;Domingo y Festivos;00:00;23:59
428;(M) La Cisterna;Lunes a Viernes;00:00;23:59
428;Quilicura;Sábado;00:00;23:59
428;Quilicura;Lunes a Viernes;00:00;23:59
428;Quilicura;Domingo y Festivos;00:00;23:59
428c;(M) La Cisterna;Lunes a Viernes;16:30;21:24
428c;(M) La Cisterna;Lunes a Viernes;05:30;09:22
428c;Pudahuel;Lunes a Viernes;16:30;21:22
428c;Pudahuel;Lunes a Viernes;05:30;09:20
428e;(M) La Cisterna;Lunes a Viernes;17:30;21:26
428e;(M) La Cisterna;Lunes a Viernes;05:30;09:27
428e;Quilicura;Lunes a Viernes;17:30;21:26
428e;Quilicura;Lunes a Viernes;05:30;09:28
429;Lo Hermida;Sábado;05:30;23:42
429;Lo Hermida;Domingo y Festivos;05:30;23:45
429;Lo Hermida;Lunes a Viernes;05:00;23:42
429;Lo Echevers;Lunes a Viernes;05:00;23:45
429;Lo Echevers;Domingo y Festivos;05:30;23:45
429;Lo Echevers;Sábado;05:30;23:42
429c;(M) Tobalaba;Lunes a Viernes;16:23;19:55
429c;(M) Tobalaba;Lunes a Viernes;06:30;09:20
429c;Quilicura;Lunes a Viernes;17:30;20:56
429c;Quilicura;Lunes a Viernes;07:27;10:10
430;La Dehesa;Lunes a Viernes;05:30;23:24
430;Quilicura;Lunes a Viernes;06:05;23:35
431c;(M) Las Rejas;Lunes a Viernes;06:00;08:24
431c;(M) Las Rejas;Lunes a Viernes;17:30;19:50
431c;Nueva San Martin;Lunes a Viernes;07:00;08:53
431c;Nueva San Martin;Lunes a Viernes;17:30;20:24
431v;(M) Plaza De Maipu;Lunes a Viernes;06:30;08:20
431v;Nueva San Martín;Lunes a Viernes;17:30;20:48
435;Vitacura;Domingo y Festivos;05:30;23:48
435;Vitacura;Lunes a Viernes;05:30;23:48
435;Vitacura;Sábado;05:30;23:48
435;Quilicura;Sábado;06:20;23:50
435;Quilicura;Domingo y Festivos;06:20;23:50
435;Quilicura;Lunes a Viernes;06:30;23:58
501;Fleming;Sábado;06:00;23:36
501;Fleming;Domingo y Festivos;05:56;23:37
501;Fleming;Lunes a Viernes;05:58;23:37
501;(M) Parque Bustamante;Lunes a Viernes;05:30;22:59
501;(M) Parque Bustamante;Sábado;05:35;22:58
501;(M) Parque Bustamante;Domingo y Festivos;05:30;22:59
502;Cantagallo;Sábado;05:00;23:59
502;Cantagallo;Domingo y Festivos;05:45;23:59
502;Cantagallo;Lunes a Viernes;05:00;23:59
502;Cerro Navia;Domingo y Festivos;06:47;00:42
502;Cerro Navia;Sábado;05:47;00:40
502;Cerro Navia;Lunes a Viernes;06:00;00:40
502c;Santiago;Lunes a Viernes;05:30;08:11
502c;Cerro Navia;Lunes a Viernes;17:30;21:06
503;Vital Apoquindo;Sábado;05:00;23:48
503;Vital Apoquindo;Lunes a Viernes;05:00;23:52
503;Vital Apoquindo;Domingo y Festivos;05:30;23:52
503;Av. La Estrella;Lunes a Viernes;05:30;00:45
503;Av. La Estrella;Domingo y Festivos;05:30;00:45
503;Av. La Estrella;Sábado;05:30;00:45
504;HOSPITAL DIPRECA;Sábado;05:30;23:30
504;HOSPITAL DIPRECA;Domingo y Festivos;05:30;23:30
504;HOSPITAL DIPRECA;Lunes a Viernes;05:30;23:40
504;EL TRANQUE;Sábado;05:30;23:45
504;EL TRANQUE;Lunes a Viernes;05:30;23:40
504;EL TRANQUE;Domingo y Festivos;05:30;23:40
505;Peñalolén;Domingo y Festivos;05:15;23:59
505;Peñalolén;Lunes a Viernes;05:10;23:59
505;Peñalolén;Sábado;05:15;23:59
505;Cerro Navia;Sábado;05:15;23:59
505;Cerro Navia;Lunes a Viernes;05:10;23:59
505;Cerro Navia;Domingo y Festivos;05:15;23:59
506;Peñalolen;Sábado;00:00;23:59
506;Peñalolen;Domingo y Festivos;00:00;23:59
506;Peñalolen;Lunes a Viernes;00:00;23:59
506;Maipu;Sábado;00:00;23:59
506;Maipu;Lunes a Viernes;00:00;23:59
506;Maipu;Domingo y Festivos;00:00;23:59
506e;Peñalolen;Lunes a Viernes;17:30;21:25
506e;Peñalolen;Lunes a Viernes;06:30;09:19
506e;Maipu;Lunes a Viernes;06:30;09:18
506e;Maipu;Lunes a Viernes;17:30;21:17
506v;Peñalolen;Lunes a Viernes;05:15;23:45
506v;Peñalolen;Domingo y Festivos;05:30;23:30
506v;Peñalolen;Sábado;05:30;23:30
506v;Villa El Abrazo;Lunes a Viernes;05:30;23:45
506v;Villa El Abrazo;Sábado;05:33;23:30
506v;Villa El Abrazo;Domingo y Festivos;05:33;23:30
507;Av. Grecia;Lunes a Viernes;05:30;00:30
507;Av. Grecia;Sábado;05:30;00:30
507;Av. Grecia;Domingo y Festivos;05:30;00:30
507;Enea;Domingo y Festivos;05:30;00:30
507;Enea;Sábado;05:30;00:30
507;Enea;Lunes a Viernes;05:30;00:30
507c;Peñalolen;Lunes a Viernes;16:48;20:55
507c;Peñalolen;Lunes a Viernes;06:31;10:03
507c;(M) Parque O'higgins;Lunes a Viernes;16:00;20:10
507c;(M) Parque O'higgins;Lunes a Viernes;05:56;09:20
508;AV. LAS TORRES;Domingo y Festivos;00:00;23:59
508;AV. LAS TORRES;Lunes a Viernes;00:00;23:59
508;AV. LAS TORRES;Sábado;00:00;23:59
508;AV. MAPOCHO;Domingo y Festivos;00:00;23:59
508;AV. MAPOCHO;Sábado;00:00;23:59
508;AV. MAPOCHO;Lunes a Viernes;00:00;23:59
509;Mapocho;Lunes a Viernes;05:00;23:30
509;Mapocho;Sábado;05:15;23:30
509;Mapocho;Domingo y Festivos;05:15;23:30
509;Maipu;Domingo y Festivos;06:07;00:35
509;Maipu;Lunes a Viernes;05:55;00:30
509;Maipu;Sábado;06:08;00:30
510;Rio Claro;Sábado;05:30;23:59
510;Rio Claro;Domingo y Festivos;05:35;23:59
510;Rio Claro;Lunes a Viernes;05:30;23:59
510;Pudahuel Sur;Sábado;05:30;23:59
510;Pudahuel Sur;Domingo y Festivos;05:30;23:59
510;Pudahuel Sur;Lunes a Viernes;05:30;23:59
511;Peñalolen;Domingo y Festivos;05:31;00:30
511;Peñalolen;Lunes a Viernes;05:31;00:30
511;Peñalolen;Sábado;05:31;00:35
511;Cerro Navia;Sábado;05:31;00:30
511;Cerro Navia;Lunes a Viernes;05:31;00:30
511;Cerro Navia;Domingo y Festivos;05:31;00:30
513;Jose Arrieta;Domingo y Festivos;00:00;23:59
513;Jose Arrieta;Sábado;00:00;23:59
513;Jose Arrieta;Lunes a Viernes;00:00;23:59
513;El Montijo;Sábado;00:00;23:59
513;El Montijo;Domingo y Festivos;00:00;23:59
513;El Montijo;Lunes a Viernes;00:00;23:59
514;San Luis De Macul;Lunes a Viernes;05:30;23:40
514;San Luis De Macul;Sábado;05:30;23:40
514;San Luis De Macul;Domingo y Festivos;05:30;23:40
514;Enea;Sábado;05:30;23:40
514;Enea;Lunes a Viernes;05:30;23:40
514;Enea;Domingo y Festivos;05:30;23:40
514c;San Luis De Macul;Lunes a Viernes;16:30;21:15
514c;(M) Salvador;Lunes a Viernes;06:02;09:12
515n;San Luis De Macul;Lunes a Viernes;00:00;05:13
515n;San Luis De Macul;Sábado;00:00;05:17
515n;San Luis De Macul;Domingo y Festivos;00:00;05:19
515n;Centro;Sábado;00:06;05:10
515n;Centro;Domingo y Festivos;00:00;05:10
515n;Centro;Lunes a Viernes;00:06;05:07
516;Las Parcelas;Domingo y Festivos;00:00;23:59
516;Las Parcelas;Sábado;00:00;23:59
516;Las Parcelas;Lunes a Viernes;00:00;23:59
516;Pudahuel Sur;Domingo y Festivos;00:00;23:59
516;Pudahuel Sur;Sábado;00:00;23:59
516;Pudahuel Sur;Lunes a Viernes;00:00;23:59
517;Peñalolén;Domingo y Festivos;06:50;22:50
517;Peñalolén;Sábado;06:00;22:50
517;Peñalolén;Lunes a Viernes;05:50;22:50
517;J. J. Perez;Lunes a Viernes;05:50;22:50
517;J. J. Perez;Sábado;06:00;22:50
517;J. J. Perez;Domingo y Festivos;06:50;22:50
518;Bilbao;Sábado;00:00;23:59
518;Bilbao;Domingo y Festivos;00:00;23:59
518;Bilbao;Lunes a Viernes;00:00;23:59
518;J.J. Perez;Lunes a Viernes;00:00;23:59
518;J.J. Perez;Sábado;00:00;23:59
518;J.J. Perez;Domingo y Festivos;00:00;23:59
519e;Av.Grecia;Lunes a Viernes;06:40;09:59
519e;Alameda;Lunes a Viernes;06:00;09:13
541n;COLON;Lunes a Viernes;00:15;05:15
541n;COLON;Domingo y Festivos;00:15;05:15
541n;COLON;Sábado;00:15;05:15
541n;EL TRANQUE;Domingo y Festivos;00:00;05:00
541n;EL TRANQUE;Lunes a Viernes;00:00;05:00
541n;EL TRANQUE;Sábado;00:00;05:00
B01;Huamachuco;Domingo y Festivos;05:50;00:40
B01;Huamachuco;Sábado;05:50;00:30
B01;Huamachuco;Lunes a Viernes;05:50;00:40
B01;El Salto;Domingo y Festivos;05:30;00:40
B01;El Salto;Lunes a Viernes;05:30;00:40
B01;El Salto;Sábado;05:30;00:30
B02;Estación Mapocho;Sábado;05:30;00:40
B02;Estación Mapocho;Domingo y Festivos;05:30;00:40
B02;Estación Mapocho;Lunes a Viernes;05:30;00:40
B02;Camino Punta Mocha;Domingo y Festivos;05:30;00:40
B02;Camino Punta Mocha;Sábado;05:30;00:40
B02;Camino Punta Mocha;Lunes a Viernes;05:30;00:40
B02n;Plaza Italia;Sábado;01:00;05:00
B02n;Plaza Italia;Domingo y Festivos;01:00;05:00
B02n;Plaza Italia;Lunes a Viernes;01:00;05:00
B02n;Huechuraba;Domingo y Festivos;01:05;05:05
B02n;Huechuraba;Lunes a Viernes;01:05;05:05
B02n;Huechuraba;Sábado;01:05;05:05
B03;(M) Cerro Blanco;Lunes a Viernes;05:00;00:40
B03;(M) Cerro Blanco;Sábado;05:30;00:40
B03;(M) Cerro Blanco;Domingo y Festivos;05:30;00:40
B03;Miraflores;Domingo y Festivos;05:30;00:40
B03;Miraflores;Lunes a Viernes;05:00;00:40
B03;Miraflores;Sábado;05:30;00:40
B04;Mapocho;Lunes a Viernes;05:30;23:40
B04;Mapocho;Domingo y Festivos;05:30;23:45
B04;Mapocho;Sábado;05:30;23:45
B04;El Cortijo;Domingo y Festivos;05:30;23:45
B04;El Cortijo;Sábado;05:30;23:45
B04;El Cortijo;Lunes a Viernes;05:30;23:40
B04v;(M) Cerro Blanco;Domingo y Festivos;05:30;23:30
B04v;(M) Cerro Blanco;Sábado;05:30;23:30
B04v;(M) Cerro Blanco;Lunes a Viernes;05:30;23:40
B04v;El Cortijo;Sábado;05:30;23:30
B04v;El Cortijo;Domingo y Festivos;05:30;23:30
B04v;El Cortijo;Lunes a Viernes;05:30;23:40
B05;Ciudad Empresarial;Sábado;05:30;23:30
B05;Ciudad Empresarial;Domingo y Festivos;05:30;23:30
B05;Ciudad Empresarial;Lunes a Viernes;05:30;23:40
B05;Barrio San Ignacio;Domingo y Festivos;05:30;23:30
B05;Barrio San Ignacio;Sábado;05:30;23:30
B05;Barrio San Ignacio;Lunes a Viernes;05:30;23:40
B06;Santa Laura;Lunes a Viernes;05:30;00:30
B06;Santa Laura;Domingo y Festivos;05:30;00:30
B06;Santa Laura;Sábado;05:30;00:30
B06;(M) Zapadores;Lunes a Viernes;05:30;00:30
B06;(M) Zapadores;Domingo y Festivos;05:30;00:30
B06;(M) Zapadores;Sábado;05:30;00:30
B07;Parque Industrial;Sábado;05:30;23:45
B07;Parque Industrial;Lunes a Viernes;05:30;23:45
B07;Parque Industrial;Domingo y Festivos;05:30;23:30
B07;Santa Luisa;Sábado;05:30;23:45
B07;Santa Luisa;Lunes a Viernes;05:30;23:45
B07;Santa Luisa;Domingo y Festivos;05:30;23:30
B08;Mall Plaza Norte;Domingo y Festivos;05:30;23:30
B08;Mall Plaza Norte;Lunes a Viernes;05:30;23:00
B08;Mall Plaza Norte;Sábado;05:30;23:30
B08;Lo Marcoleta;Sábado;05:30;23:30
B08;Lo Marcoleta;Lunes a Viernes;05:30;23:59
B08;Lo Marcoleta;Domingo y Festivos;05:30;00:00
B09;Hospital Felix Bulnes;Sábado;05:30;00:40
B09;Hospital Felix Bulnes;Domingo y Festivos;05:30;00:30
B09;Hospital Felix Bulnes;Lunes a Viernes;05:30;00:30
B09;Lo Boza;Lunes a Viernes;05:30;00:48
B09;Lo Boza;Sábado;05:30;00:48
B09;Lo Boza;Domingo y Festivos;05:30;00:45
B10;(M) Cerro Blanco;Domingo y Festivos;05:30;23:45
B10;(M) Cerro Blanco;Lunes a Viernes;05:30;23:45
B10;(M) Cerro Blanco;Sábado;05:30;23:45
B10;Villa Los Libertadores;Domingo y Festivos;05:30;23:45
B10;Villa Los Libertadores;Lunes a Viernes;05:30;23:45
B10;Villa Los Libertadores;Sábado;05:30;23:45
B11;Lo Marcoleta;Sábado;05:30;23:45
B11;Lo Marcoleta;Domingo y Festivos;05:30;23:40
B11;Lo Marcoleta;Lunes a Viernes;05:30;23:40
B11;El Salto;Lunes a Viernes;05:30;23:00
B11;El Salto;Domingo y Festivos;05:30;23:00
B11;El Salto;Sábado;05:30;23:00
B12;Lo Marcoleta;Sábado;05:30;00:30
B12;Lo Marcoleta;Lunes a Viernes;05:30;00:30
B12;Lo Marcoleta;Domingo y Festivos;05:30;00:30
B12;(M) Zapadores;Sábado;05:30;00:30
B12;(M) Zapadores;Lunes a Viernes;05:30;00:30
B12;(M) Zapadores;Domingo y Festivos;05:30;00:30
B13;Lo Marcoleta;Lunes a Viernes;05:30;00:45
B13;Lo Marcoleta;Sábado;05:30;00:45
B13;Lo Marcoleta;Domingo y Festivos;05:30;00:45
B13;(M) Vespucio Norte;Sábado;05:30;00:30
B13;(M) Vespucio Norte;Domingo y Festivos;05:30;00:30
B13;(M) Vespucio Norte;Lunes a Viernes;05:30;00:30
B14;Mapocho;Lunes a Viernes;05:30;00:00
B14;Mapocho;Domingo y Festivos;05:30;00:00
B14;Mapocho;Sábado;05:30;00:00
B14;El Salto;Domingo y Festivos;05:30;00:00
B14;El Salto;Sábado;05:30;00:00
B14;El Salto;Lunes a Viernes;05:30;00:00
B15;Mapocho;Sábado;05:30;23:40
B15;Mapocho;Domingo y Festivos;05:30;23:30
B15;Mapocho;Lunes a Viernes;05:30;23:30
B15;Arzobispo Valdivieso;Sábado;05:30;23:40
B15;Arzobispo Valdivieso;Domingo y Festivos;05:30;23:30
B15;Arzobispo Valdivieso;Lunes a Viernes;05:30;23:30
B16;(M) Vespucio Norte;Domingo y Festivos;05:30;23:45
B16;(M) Vespucio Norte;Sábado;05:30;23:45
B16;(M) Vespucio Norte;Lunes a Viernes;05:30;23:48
B16;El Carmen;Domingo y Festivos;05:30;23:45
B16;El Carmen;Lunes a Viernes;05:30;23:48
B16;El Carmen;Sábado;05:30;23:45
B17;Av. Arzobispo Valdivieso;Sábado;05:30;00:00
B17;Av. Arzobispo Valdivieso;Domingo y Festivos;05:30;00:00
B17;Av. Arzobispo Valdivieso;Lunes a Viernes;05:30;00:00
B17;Huamachuco;Lunes a Viernes;05:30;00:00
B17;Huamachuco;Domingo y Festivos;05:30;00:00
B17;Huamachuco;Sábado;05:30;00:00
B18;(M) Vespucio Norte;Sábado;05:30;00:00
B18;(M) Vespucio Norte;Lunes a Viernes;05:30;00:00
B18;(M) Vespucio Norte;Domingo y Festivos;05:30;00:00
B18;Villa Pucara;Sábado;05:30;00:00
B18;Villa Pucara;Lunes a Viernes;05:30;00:00
B18;Villa Pucara;Domingo y Festivos;05:30;00:00
B18e;(M) Vespucio Norte;Lunes a Viernes;17:30;20:25
B18e;(M) Vespucio Norte;Lunes a Viernes;06:30;08:18
B18e;Villa Pucara;Lunes a Viernes;17:30;20:25
B18e;Villa Pucara;Lunes a Viernes;06:30;08:18
B19;EL ROSAL;Sábado;05:30;00:00
B19;EL ROSAL;Lunes a Viernes;05:30;00:00
B19;EL ROSAL;Domingo y Festivos;05:30;00:00
B19;JUAN AGUIRRE;Sábado;05:30;00:00
B19;JUAN AGUIRRE;Lunes a Viernes;05:30;00:00
B19;JUAN AGUIRRE;Domingo y Festivos;05:30;00:00
B20;Mapocho;Domingo y Festivos;05:30;00:30
B20;Mapocho;Lunes a Viernes;05:00;00:30
B20;Mapocho;Sábado;05:30;00:30
B20;Miraflores;Domingo y Festivos;05:30;00:30
B20;Miraflores;Lunes a Viernes;05:00;00:30
B20;Miraflores;Sábado;05:30;00:30
B21;Lo Marcoleta;Lunes a Viernes;05:30;00:00
B21;Lo Marcoleta;Domingo y Festivos;05:30;00:00
B21;Lo Marcoleta;Sábado;05:30;00:00
B21;Plaza Chacabuco;Lunes a Viernes;05:30;00:00
B21;Plaza Chacabuco;Sábado;05:30;00:00
B21;Plaza Chacabuco;Domingo y Festivos;05:30;00:00
B22;Urmeneta;Lunes a Viernes;05:30;23:40
B22;Urmeneta;Domingo y Festivos;05:30;23:00
B22;Urmeneta;Sábado;05:30;23:40
B22;Palacio Riesco;Domingo y Festivos;05:30;23:00
B22;Palacio Riesco;Sábado;05:30;23:40
B22;Palacio Riesco;Lunes a Viernes;05:30;23:40
B23;Mapocho;Domingo y Festivos;05:30;23:30
B23;Mapocho;Lunes a Viernes;05:30;23:00
B23;Mapocho;Sábado;05:30;23:00
B23;Reina María;Domingo y Festivos;05:30;23:00
B23;Reina María;Sábado;05:30;23:30
B23;Reina María;Lunes a Viernes;05:30;23:30
B24;Mapocho;Sábado;05:30;23:40
B24;Mapocho;Lunes a Viernes;05:30;23:40
B24;Mapocho;Domingo y Festivos;05:30;23:40
B24;Huamachuco;Domingo y Festivos;05:30;23:40
B24;Huamachuco;Lunes a Viernes;05:30;23:41
B24;Huamachuco;Sábado;05:30;23:40
B25;(M) Cerro Blanco;Sábado;05:30;23:00
B25;(M) Cerro Blanco;Domingo y Festivos;05:30;23:00
B25;(M) Cerro Blanco;Lunes a Viernes;05:30;23:40
B25;(M) Vespucio Norte;Domingo y Festivos;05:30;23:15
B25;(M) Vespucio Norte;Sábado;05:30;23:15
B25;(M) Vespucio Norte;Lunes a Viernes;05:30;23:40
B26;(M) Estacion Central;Sábado;05:30;00:00
B26;(M) Estacion Central;Lunes a Viernes;05:30;00:00
B26;(M) Estacion Central;Domingo y Festivos;05:30;00:00
B26;El Cortijo;Domingo y Festivos;05:30;00:00
B26;El Cortijo;Lunes a Viernes;05:30;00:00
B26;El Cortijo;Sábado;05:30;00:00
B27;(M) SALVADOR;Lunes a Viernes;05:30;23:45
B27;(M) SALVADOR;Sábado;05:30;23:40
B27;(M) SALVADOR;Domingo y Festivos;05:30;23:40
B27;(M) VESPUCIO NORTE;Sábado;05:30;23:45
B27;(M) VESPUCIO NORTE;Lunes a Viernes;05:30;23:45
B27;(M) VESPUCIO NORTE;Domingo y Festivos;05:30;23:45
B28;(M) Quinta Normal;Domingo y Festivos;05:30;00:30
B28;(M) Quinta Normal;Sábado;05:30;00:30
B28;(M) Quinta Normal;Lunes a Viernes;05:30;00:30
B28;Huamachuco;Lunes a Viernes;05:30;00:30
B28;Huamachuco;Sábado;05:30;00:30
B28;Huamachuco;Domingo y Festivos;05:30;00:30
B29;(M) Santa Ana;Lunes a Viernes;06:30;08:18
B29;(M) Santa Ana;Lunes a Viernes;17:30;20:25
B29;Renca;Lunes a Viernes;06:30;08:16
B29;Renca;Lunes a Viernes;17:30;20:25
B30n;Centro;Lunes a Viernes;01:00;04:30
B30n;Centro;Sábado;01:00;05:00
B30n;Centro;Domingo y Festivos;01:00;05:00
B30n;Renca;Domingo y Festivos;01:00;05:00
B30n;Renca;Sábado;01:00;05:00
B30n;Renca;Lunes a Viernes;01:00;04:30
B31n;Quilicura;Domingo y Festivos;01:00;05:00
B31n;Quilicura;Sábado;01:00;05:00
B31n;Quilicura;Lunes a Viernes;01:00;05:00
B31n;Alameda;Domingo y Festivos;01:00;05:00
B31n;Alameda;Sábado;01:00;05:00
B31n;Alameda;Lunes a Viernes;01:00;05:00
C01;Cerro 18;Lunes a Viernes;05:30;00:30
C01;Cerro 18;Domingo y Festivos;05:30;00:40
C01;Cerro 18;Sábado;05:30;00:40
C01;(M) Francisco Bilbao;Lunes a Viernes;05:30;00:30
C01;(M) Francisco Bilbao;Domingo y Festivos;05:30;00:40
C01;(M) Francisco Bilbao;Sábado;05:30;00:40
C01c;La Ermita;Lunes a Viernes;17:30;21:23
C01c;La Ermita;Lunes a Viernes;06:30;09:25
C01c;(M) Escuela Militar;Lunes a Viernes;17:00;21:23
C01c;(M) Escuela Militar;Lunes a Viernes;06:30;09:25
C02;(M) Escuela Militar;Lunes a Viernes;00:00;23:59
C02;(M) Escuela Militar;Domingo y Festivos;00:00;23:59
C02;(M) Escuela Militar;Sábado;00:00;23:59
C02;San Carlos De Apoquindo;Lunes a Viernes;00:00;23:59
C02;San Carlos De Apoquindo;Domingo y Festivos;00:00;23:59
C02;San Carlos De Apoquindo;Sábado;00:00;23:59
C02c;(M) Los Dominicos;Domingo y Festivos;06:30;22:48
C02c;(M) Los Dominicos;Sábado;06:30;22:50
C02c;(M) Los Dominicos;Lunes a Viernes;06:30;21:23
C02c;San Carlos De Apoquindo;Lunes a Viernes;06:30;21:23
C02c;San Carlos De Apoquindo;Sábado;06:30;22:50
C02c;San Carlos De Apoquindo;Domingo y Festivos;06:30;22:48
C03;Vital Apoquindo;Lunes a Viernes;05:30;23:40
C03;Vital Apoquindo;Sábado;06:30;23:40
C03;Vital Apoquindo;Domingo y Festivos;06:30;23:00
C03;Rotonda Perez Zukjovic;Domingo y Festivos;06:30;23:30
C03;Rotonda Perez Zukjovic;Lunes a Viernes;05:30;23:30
C03;Rotonda Perez Zukjovic;Sábado;06:30;23:45
C03c;Vital Apoquindo;Lunes a Viernes;06:30;09:18
C03c;Vital Apoquindo;Lunes a Viernes;17:30;20:18
C03c;Lo Gallo;Lunes a Viernes;17:30;20:18
C03c;Lo Gallo;Lunes a Viernes;06:30;09:29
C04;(M) Manuel Montt;Lunes a Viernes;05:30;22:45
C04;(M) Manuel Montt;Domingo y Festivos;06:30;22:43
C04;(M) Manuel Montt;Sábado;06:30;22:43
C04;Vital Apoquindo;Sábado;06:30;22:43
C04;Vital Apoquindo;Domingo y Festivos;06:30;22:43
C04;Vital Apoquindo;Lunes a Viernes;05:30;22:42
C05;(M) Francisco Bilbao;Domingo y Festivos;06:30;00:30
C05;(M) Francisco Bilbao;Sábado;05:30;00:30
C05;(M) Francisco Bilbao;Lunes a Viernes;05:30;00:30
C05;La Ermita;Sábado;05:30;00:30
C05;La Ermita;Domingo y Festivos;06:30;00:30
C05;La Ermita;Lunes a Viernes;05:30;00:30
C06;(M) Tobalaba;Lunes a Viernes;05:30;00:30
C06;(M) Tobalaba;Domingo y Festivos;05:30;00:30
C06;(M) Tobalaba;Sábado;05:30;00:30
C06;Vital Apoquindo;Domingo y Festivos;05:30;00:30
C06;Vital Apoquindo;Sábado;05:30;00:30
C06;Vital Apoquindo;Lunes a Viernes;05:30;00:30
C07;(M) Francisco Bilbao;Domingo y Festivos;06:30;22:45
C07;(M) Francisco Bilbao;Lunes a Viernes;05:30;22:53
C07;(M) Francisco Bilbao;Sábado;05:30;22:48
C07;La Piramide;Domingo y Festivos;06:30;23:00
C07;La Piramide;Lunes a Viernes;05:30;23:40
C07;La Piramide;Sábado;05:30;23:15
C08;Cantagallo;Sábado;05:30;22:46
C08;Cantagallo;Lunes a Viernes;05:30;22:47
C08;Cantagallo;Domingo y Festivos;05:30;22:47
C08;Camino Real;Lunes a Viernes;05:30;22:42
C08;Camino Real;Sábado;05:30;22:43
C08;Camino Real;Domingo y Festivos;05:30;22:43
C09;Nueva Bilbao;Lunes a Viernes;05:30;23:00
C09;Nueva Bilbao;Sábado;05:30;23:30
C09;Nueva Bilbao;Domingo y Festivos;05:30;23:30
C09;La Dehesa;Domingo y Festivos;05:30;23:30
C09;La Dehesa;Sábado;05:30;23:30
C09;La Dehesa;Lunes a Viernes;05:30;23:00
C10e;Camino Juan Pablo Ii;Lunes a Viernes;17:00;19:23
C10e;Camino Juan Pablo Ii;Lunes a Viernes;05:30;09:54
C10e;(M) Tobalaba;Lunes a Viernes;16:30;20:24
C10e;(M) Tobalaba;Lunes a Viernes;05:30;08:54
C11;Tabancura;Lunes a Viernes;05:30;23:40
C11;Tabancura;Sábado;05:30;00:30
C11;Tabancura;Domingo y Festivos;06:30;00:30
C11;(M) Escuela Militar;Lunes a Viernes;05:30;23:50
C11;(M) Escuela Militar;Domingo y Festivos;06:30;00:45
C11;(M) Escuela Militar;Sábado;05:30;00:45
C12;Cantagallo;Lunes a Viernes;05:30;22:42
C12;Cantagallo;Domingo y Festivos;06:30;23:00
C12;Cantagallo;Sábado;06:30;22:46
C12;Camino Juan Pablo Ii;Lunes a Viernes;05:30;22:30
C12;Camino Juan Pablo Ii;Domingo y Festivos;06:30;22:48
C12;Camino Juan Pablo Ii;Sábado;06:30;22:43
C13;La Laguna;Sábado;06:30;22:30
C13;La Laguna;Domingo y Festivos;06:30;22:30
C13;La Laguna;Lunes a Viernes;06:30;21:00
C13;Cantagallo;Sábado;06:30;22:35
C13;Cantagallo;Domingo y Festivos;06:30;22:36
C13;Cantagallo;Lunes a Viernes;06:30;21:10
C14;Los Trapenses;Lunes a Viernes;05:30;23:00
C14;Los Trapenses;Domingo y Festivos;05:30;23:00
C14;Los Trapenses;Sábado;05:30;23:00
C14;(M) Escuela Militar;Sábado;05:30;23:40
C14;(M) Escuela Militar;Lunes a Viernes;05:30;23:30
C14;(M) Escuela Militar;Domingo y Festivos;05:30;23:24
C15;Estoril;Lunes a Viernes;05:30;22:42
C15;Estoril;Sábado;05:30;22:48
C15;Estoril;Domingo y Festivos;06:30;22:47
C15;(M) Escuela Militar;Lunes a Viernes;05:30;22:47
C15;(M) Escuela Militar;Sábado;05:30;23:00
C15;(M) Escuela Militar;Domingo y Festivos;06:30;23:00
C16;El Huinganal;Sábado;06:30;23:40
C16;El Huinganal;Domingo y Festivos;06:30;23:40
C16;El Huinganal;Lunes a Viernes;05:30;23:30
C16;Vital Apoquindo;Domingo y Festivos;06:30;23:40
C16;Vital Apoquindo;Lunes a Viernes;05:30;23:30
C16;Vital Apoquindo;Sábado;06:30;23:40
C17;Los Trapenses;Domingo y Festivos;07:30;22:30
C17;Los Trapenses;Sábado;06:30;22:30
C17;Los Trapenses;Lunes a Viernes;06:30;21:00
C17;Cerro 18;Domingo y Festivos;07:30;22:30
C17;Cerro 18;Sábado;06:30;22:30
C17;Cerro 18;Lunes a Viernes;06:30;21:00
C18;Ciudad Empresarial;Lunes a Viernes;05:30;23:00
C18;Ciudad Empresarial;Sábado;05:30;23:00
C18;Ciudad Empresarial;Domingo y Festivos;06:30;23:00
C18;(M) Escuela Militar;Lunes a Viernes;05:30;22:50
C18;(M) Escuela Militar;Sábado;05:30;22:45
C18;(M) Escuela Militar;Domingo y Festivos;06:30;22:45
C19;Cantagallo;Sábado;06:30;22:35
C19;Cantagallo;Lunes a Viernes;06:30;21:00
C19;Cantagallo;Domingo y Festivos;06:30;22:36
C19;Bernardo Larrain Cotapos;Sábado;06:30;22:30
C19;Bernardo Larrain Cotapos;Lunes a Viernes;06:30;21:00
C19;Bernardo Larrain Cotapos;Domingo y Festivos;06:30;22:30
C20;Parque Arauco;Lunes a Viernes;06:30;22:54
C20;Parque Arauco;Domingo y Festivos;06:30;23:00
C20;Parque Arauco;Sábado;06:30;23:00
C20;(M) Escuela Militar;Sábado;06:30;23:40
C20;(M) Escuela Militar;Domingo y Festivos;06:30;23:40
C20;(M) Escuela Militar;Lunes a Viernes;06:30;23:00
C21n;Cantagallo;Domingo y Festivos;23:00;05:00
C21n;Cantagallo;Sábado;23:00;05:00
C21n;Cantagallo;Lunes a Viernes;23:00;05:00
C21n;El Gabino;Sábado;23:00;05:00
C21n;El Gabino;Domingo y Festivos;23:00;05:00
C21n;El Gabino;Lunes a Viernes;23:00;05:00
C22;Rotonda Lo Curro;Domingo y Festivos;06:30;22:47
C22;Rotonda Lo Curro;Lunes a Viernes;05:30;22:49
C22;Rotonda Lo Curro;Sábado;05:30;23:00
C22;(M) Escuela Militar;Domingo y Festivos;06:30;22:43
C22;(M) Escuela Militar;Sábado;05:30;22:48
C22;(M) Escuela Militar;Lunes a Viernes;05:30;22:42
C23;Lo Barnechea;Lunes a Viernes;06:20;21:00
C23;La Ermita De San Antonio;Lunes a Viernes;06:40;21:20
D01;Consistorial;Lunes a Viernes;06:02;22:45
D01;Plaza Egaña (M);Lunes a Viernes;06:00;22:45
D02;Diagonal Las Torres;Lunes a Viernes;05:30;00:30
D02;Diagonal Las Torres;Domingo y Festivos;05:30;00:30
D02;Diagonal Las Torres;Sábado;05:30;00:30
D02;(M) Irarrazaval;Lunes a Viernes;05:30;00:30
D02;(M) Irarrazaval;Sábado;05:30;00:30
D02;(M) Irarrazaval;Domingo y Festivos;05:30;00:30
D03;Las Parcelas;Sábado;05:30;00:30
D03;Las Parcelas;Domingo y Festivos;05:30;00:30
D03;Las Parcelas;Lunes a Viernes;05:30;00:30
D03;(M) Toesca;Lunes a Viernes;05:30;00:30
D03;(M) Toesca;Sábado;05:30;00:30
D03;(M) Toesca;Domingo y Festivos;05:30;00:30
D05;Las Perdices;Lunes a Viernes;05:30;00:30
D05;Las Perdices;Sábado;05:30;00:30
D05;Las Perdices;Domingo y Festivos;05:30;00:30
D05;(M) Franklin;Sábado;05:30;00:30
D05;(M) Franklin;Lunes a Viernes;05:30;00:30
D05;(M) Franklin;Domingo y Festivos;05:30;00:30
D06;(M) Bellavista De La Florida;Domingo y Festivos;06:30;23:30
D06;(M) Bellavista De La Florida;Sábado;06:00;23:30
D06;(M) Bellavista De La Florida;Lunes a Viernes;05:30;23:30
D06;(M) Irarrazaval;Sábado;06:05;23:30
D06;(M) Irarrazaval;Lunes a Viernes;05:35;23:30
D06;(M) Irarrazaval;Domingo y Festivos;06:35;23:30
D07;(M) Franklin;Lunes a Viernes;05:30;00:30
D07;(M) Franklin;Sábado;05:30;00:30
D07;(M) Franklin;Domingo y Festivos;05:30;00:30
D07;Diagonal Las Torres;Domingo y Festivos;05:30;00:30
D07;Diagonal Las Torres;Sábado;05:30;00:30
D07;Diagonal Las Torres;Lunes a Viernes;05:30;00:30
D07c;(M) Los Presidentes;Lunes a Viernes;06:30;09:15
D07c;Diagonal Las Torres;Lunes a Viernes;06:30;09:15
D08;(M) Francisco Bilbao;Domingo y Festivos;00:00;23:59
D08;(M) Francisco Bilbao;Sábado;00:00;23:59
D08;(M) Francisco Bilbao;Lunes a Viernes;00:00;23:59
D08;Av. Grecia;Lunes a Viernes;00:00;23:59
D08;Av. Grecia;Sábado;00:00;23:59
D08;Av. Grecia;Domingo y Festivos;00:00;23:59
D08c;(M) Francisco Bilbao;Lunes a Viernes;06:30;09:15
D08c;Plaza La Reina;Lunes a Viernes;06:30;09:15
D09;(M) Manuel Montt;Sábado;00:00;23:59
D09;(M) Manuel Montt;Domingo y Festivos;00:00;23:59
D09;(M) Manuel Montt;Lunes a Viernes;00:00;23:59
D09;Diagonal Las Torres;Domingo y Festivos;00:00;23:59
D09;Diagonal Las Torres;Sábado;00:00;23:59
D09;Diagonal Las Torres;Lunes a Viernes;00:00;23:59
D10;Alvaro Casanova;Sábado;05:30;00:30
D10;Alvaro Casanova;Domingo y Festivos;05:30;00:30
D10;Alvaro Casanova;Lunes a Viernes;05:30;00:30
D10;(M) Carlos Valdovinos;Domingo y Festivos;05:30;00:30
D10;(M) Carlos Valdovinos;Lunes a Viernes;05:30;00:30
D10;(M) Carlos Valdovinos;Sábado;05:30;00:30
D11;Mall Alto Las Condes;Domingo y Festivos;00:00;23:59
D11;Mall Alto Las Condes;Lunes a Viernes;00:00;23:59
D11;Mall Alto Las Condes;Sábado;00:00;23:59
D11;Diagonal Las Torres;Domingo y Festivos;00:00;23:59
D11;Diagonal Las Torres;Lunes a Viernes;00:00;23:59
D11;Diagonal Las Torres;Sábado;00:00;23:59
D12;(M) Francisco Bilbao;Lunes a Viernes;05:30;00:30
D12;(M) Francisco Bilbao;Sábado;05:30;00:30
D12;(M) Francisco Bilbao;Domingo y Festivos;05:30;00:30
D12;Las Perdices;Domingo y Festivos;06:00;00:30
D12;Las Perdices;Sábado;06:00;00:30
D12;Las Perdices;Lunes a Viernes;06:06;00:30
D13;(M) Irarrazaval;Domingo y Festivos;06:36;23:30
D13;(M) Irarrazaval;Lunes a Viernes;05:35;23:45
D13;(M) Irarrazaval;Sábado;06:05;23:45
D13;(M) Bellavista De La Florida;Lunes a Viernes;05:30;23:45
D13;(M) Bellavista De La Florida;Domingo y Festivos;06:30;23:30
D13;(M) Bellavista De La Florida;Sábado;06:00;23:45
D14;(M) Quilin;Domingo y Festivos;06:30;23:30
D14;(M) Quilin;Sábado;05:30;23:45
D14;(M) Quilin;Lunes a Viernes;05:30;23:45
D14;(M) Pedrero;Domingo y Festivos;06:30;23:30
D14;(M) Pedrero;Sábado;05:30;23:45
D14;(M) Pedrero;Lunes a Viernes;05:30;23:45
D15;(M) Francisco Bilbao;Sábado;05:30;00:30
D15;(M) Francisco Bilbao;Lunes a Viernes;05:30;00:30
D15;(M) Francisco Bilbao;Domingo y Festivos;06:30;00:30
D15;Diagonal Las Torres;Lunes a Viernes;05:30;00:30
D15;Diagonal Las Torres;Domingo y Festivos;06:30;00:30
D15;Diagonal Las Torres;Sábado;05:30;00:30
D16;(M) Francisco Bilbao;Lunes a Viernes;05:30;00:30
D16;(M) Francisco Bilbao;Sábado;05:30;00:30
D16;(M) Francisco Bilbao;Domingo y Festivos;05:30;00:30
D16;(M) Quilin;Domingo y Festivos;05:30;00:30
D16;(M) Quilin;Lunes a Viernes;05:30;00:30
D16;(M) Quilin;Sábado;05:30;00:30
D17;(M) Quilin;Domingo y Festivos;06:30;23:30
D17;(M) Quilin;Sábado;06:00;23:30
D17;(M) Quilin;Lunes a Viernes;05:45;23:30
D17;Alto Macul;Lunes a Viernes;05:45;23:30
D17;Alto Macul;Domingo y Festivos;06:30;23:30
D17;Alto Macul;Sábado;06:00;23:30
D18;(M) Santa Isabel;Domingo y Festivos;05:30;00:30
D18;(M) Santa Isabel;Sábado;05:30;00:30
D18;(M) Santa Isabel;Lunes a Viernes;05:30;00:30
D18;Diagonal Las Torres;Domingo y Festivos;05:30;00:30
D18;Diagonal Las Torres;Sábado;05:30;00:30
D18;Diagonal Las Torres;Lunes a Viernes;05:30;00:30
E01;(M) Santa Rosa;Domingo y Festivos;06:00;00:30
E01;(M) Santa Rosa;Sábado;05:30;00:30
E01;(M) Santa Rosa;Lunes a Viernes;05:30;00:30
E01;San Jose De La Estrella;Sábado;05:30;00:30
E01;San Jose De La Estrella;Domingo y Festivos;06:00;00:30
E01;San Jose De La Estrella;Lunes a Viernes;05:30;00:30
E02;Diego Portales;Domingo y Festivos;06:02;23:40
E02;Diego Portales;Lunes a Viernes;05:42;23:54
E02;Diego Portales;Sábado;05:42;23:54
E02;(M) Lo Ovalle;Domingo y Festivos;05:30;23:40
E02;(M) Lo Ovalle;Lunes a Viernes;05:30;23:54
E02;(M) Lo Ovalle;Sábado;05:30;23:54
E03;Jardin Alto;Domingo y Festivos;00:00;23:59
E03;Jardin Alto;Sábado;00:00;23:59
E03;Jardin Alto;Lunes a Viernes;00:00;23:59
E03;(M) Lo Ovalle;Domingo y Festivos;00:00;23:59
E03;(M) Lo Ovalle;Sábado;00:00;23:59
E03;(M) Lo Ovalle;Lunes a Viernes;00:00;23:59
E04;(M) Franklin;Sábado;05:30;00:30
E04;(M) Franklin;Lunes a Viernes;05:30;00:30
E04;(M) Franklin;Domingo y Festivos;05:45;00:30
E04;Av. La Florida;Sábado;05:30;00:30
E04;Av. La Florida;Domingo y Festivos;05:45;00:30
E04;Av. La Florida;Lunes a Viernes;05:30;00:30
E05;(M) Bellavista De La Florida;Lunes a Viernes;05:30;23:50
E05;(M) Bellavista De La Florida;Sábado;05:45;23:55
E05;(M) Bellavista De La Florida;Domingo y Festivos;06:30;23:50
E05;(M) La Cisterna;Domingo y Festivos;06:45;23:50
E05;(M) La Cisterna;Sábado;06:00;23:55
E05;(M) La Cisterna;Lunes a Viernes;05:42;23:55
E06;Maria Angelica;Lunes a Viernes;05:54;23:55
E06;Maria Angelica;Domingo y Festivos;07:00;23:55
E06;Maria Angelica;Sábado;06:00;23:55
E06;(M) Bellavista De La Florida;Sábado;05:45;23:55
E06;(M) Bellavista De La Florida;Domingo y Festivos;06:45;23:50
E06;(M) Bellavista De La Florida;Lunes a Viernes;05:30;23:50
E07;Rojas Magallanes;Sábado;06:00;23:55
E07;Rojas Magallanes;Domingo y Festivos;07:00;23:55
E07;Rojas Magallanes;Lunes a Viernes;05:45;23:55
E07;(M) Bellavista De La Florida;Domingo y Festivos;06:45;23:45
E07;(M) Bellavista De La Florida;Sábado;05:45;23:45
E07;(M) Bellavista De La Florida;Lunes a Viernes;05:30;23:46
E08;(M) Bellavista De La Florida;Sábado;05:45;23:55
E08;(M) Bellavista De La Florida;Domingo y Festivos;06:00;23:50
E08;(M) Bellavista De La Florida;Lunes a Viernes;05:30;23:50
E08;Diego Portales;Lunes a Viernes;05:54;23:55
E08;Diego Portales;Sábado;06:00;23:55
E08;Diego Portales;Domingo y Festivos;06:30;23:55
E09;(M) Santa Rosa;Lunes a Viernes;05:30;00:30
E09;(M) Santa Rosa;Domingo y Festivos;06:00;00:30
E09;(M) Santa Rosa;Sábado;05:30;00:30
E09;(M) Elisa Correa;Lunes a Viernes;05:30;00:30
E09;(M) Elisa Correa;Domingo y Festivos;06:00;00:30
E09;(M) Elisa Correa;Sábado;05:30;00:30
E10;Santa Rosa P21;Domingo y Festivos;05:45;23:40
E10;Santa Rosa P21;Lunes a Viernes;05:30;23:40
E10;Santa Rosa P21;Sábado;05:30;23:40
E10;El Hualle;Domingo y Festivos;05:45;23:40
E10;El Hualle;Sábado;05:30;23:40
E10;El Hualle;Lunes a Viernes;05:30;23:40
E11;(M) Santa Rosa;Lunes a Viernes;05:00;00:30
E11;(M) Santa Rosa;Sábado;05:00;00:30
E11;(M) Santa Rosa;Domingo y Festivos;05:00;00:30
E11;Diego Portales;Domingo y Festivos;05:00;00:30
E11;Diego Portales;Lunes a Viernes;05:00;00:30
E11;Diego Portales;Sábado;05:00;00:30
E12;SANTA ROSA P18;Lunes a Viernes;05:00;00:30
E12;SANTA ROSA P18;Domingo y Festivos;05:00;00:30
E12;SANTA ROSA P18;Sábado;05:00;00:30
E12;MARIA ELENA;Sábado;05:50;01:20
E12;MARIA ELENA;Lunes a Viernes;05:50;01:20
E12;MARIA ELENA;Domingo y Festivos;05:50;01:20
E13;(M) Bellavista De La Florida;Sábado;05:30;23:50
E13;(M) Bellavista De La Florida;Domingo y Festivos;06:30;23:50
E13;(M) Bellavista De La Florida;Lunes a Viernes;05:30;23:52
E13;Gabriela;Sábado;05:42;23:55
E13;Gabriela;Lunes a Viernes;05:42;23:55
E13;Gabriela;Domingo y Festivos;06:34;23:55
E14;(M) Bellavista De La Florida;Sábado;05:45;23:50
E14;(M) Bellavista De La Florida;Lunes a Viernes;05:30;23:50
E14;(M) Bellavista De La Florida;Domingo y Festivos;06:30;23:50
E14;San Jose De La Estrella;Sábado;06:00;23:50
E14;San Jose De La Estrella;Domingo y Festivos;06:45;23:50
E14;San Jose De La Estrella;Lunes a Viernes;05:45;23:50
E15;Froilan Lagos;Sábado;05:30;00:30
E15;Froilan Lagos;Lunes a Viernes;05:30;00:30
E15;Froilan Lagos;Domingo y Festivos;05:30;00:30
E15;Gabriela;Sábado;05:45;00:30
E15;Gabriela;Domingo y Festivos;05:57;00:30
E15;Gabriela;Lunes a Viernes;05:45;00:30
E15c;(M) Bellavista De La Florida;Lunes a Viernes;05:36;22:38
E15c;(M) Bellavista De La Florida;Sábado;06:38;22:41
E15c;(M) Bellavista De La Florida;Domingo y Festivos;09:30;22:49
E15c;Gabriela;Domingo y Festivos;09:30;22:49
E15c;Gabriela;Lunes a Viernes;05:52;22:40
E15c;Gabriela;Sábado;06:39;22:50
E16;(M) Santa Rosa;Lunes a Viernes;05:30;23:30
E16;(M) Santa Rosa;Sábado;05:30;23:30
E16;(M) Santa Rosa;Domingo y Festivos;06:00;23:30
E16;Gabriela;Domingo y Festivos;06:00;23:30
E16;Gabriela;Sábado;05:30;23:30
E16;Gabriela;Lunes a Viernes;05:30;23:30
E17;Las Perdices;Lunes a Viernes;05:42;23:55
E17;Las Perdices;Domingo y Festivos;06:45;23:54
E17;Las Perdices;Sábado;05:45;23:54
E17;(M) Bellavista De La Florida;Domingo y Festivos;06:30;23:45
E17;(M) Bellavista De La Florida;Sábado;05:30;23:45
E17;(M) Bellavista De La Florida;Lunes a Viernes;05:30;23:54
E18;(M) Bellavista De La Florida;Lunes a Viernes;05:30;23:30
E18;(M) Bellavista De La Florida;Domingo y Festivos;06:45;23:30
E18;(M) Bellavista De La Florida;Sábado;05:45;23:30
E18;Hospital Padre Hurtado;Sábado;06:00;23:40
E18;Hospital Padre Hurtado;Lunes a Viernes;05:45;23:40
E18;Hospital Padre Hurtado;Domingo y Festivos;07:00;23:30
F01;Casas Viejas;Lunes a Viernes;05:00;00:30
F01;Casas Viejas;Sábado;05:30;00:30
F01;Casas Viejas;Domingo y Festivos;05:30;00:30
F01;Villa Padre Hurtado;Sábado;05:30;00:30
F01;Villa Padre Hurtado;Domingo y Festivos;05:30;00:30
F01;Villa Padre Hurtado;Lunes a Viernes;05:00;00:30
F01c;Casas Viejas;Lunes a Viernes;05:30;09:26
F01c;Casas Viejas;Lunes a Viernes;17:30;22:52
F01c;(M) Plaza Puente Alto;Lunes a Viernes;17:30;22:51
F01c;(M) Plaza Puente Alto;Lunes a Viernes;05:00;09:27
F02;San Gerónimo;Sábado;05:30;00:30
F02;San Gerónimo;Domingo y Festivos;06:30;00:30
F02;San Gerónimo;Lunes a Viernes;05:30;00:36
F02;Pie Andino;Sábado;05:30;00:30
F02;Pie Andino;Domingo y Festivos;06:30;00:32
F02;Pie Andino;Lunes a Viernes;05:30;00:56
F03;Plaza San Bernardo;Sábado;05:30;00:30
F03;Plaza San Bernardo;Domingo y Festivos;05:30;00:30
F03;Plaza San Bernardo;Lunes a Viernes;05:18;00:36
F03;(M) Plaza Puente Alto;Sábado;05:30;00:30
F03;(M) Plaza Puente Alto;Domingo y Festivos;05:30;00:30
F03;(M) Plaza Puente Alto;Lunes a Viernes;05:20;00:54
F03c;Villa Las Mamiñas;Lunes a Viernes;05:32;21:24
F03c;Pie Andino;Lunes a Viernes;05:30;21:23
F05;Pie Andino;Sábado;05:30;00:30
F05;Pie Andino;Lunes a Viernes;05:36;00:32
F05;Pie Andino;Domingo y Festivos;05:30;00:30
F05;(M) La Cisterna;Sábado;05:30;00:30
F05;(M) La Cisterna;Lunes a Viernes;05:26;00:30
F05;(M) La Cisterna;Domingo y Festivos;05:30;00:30
F06;Pie Andino;Lunes a Viernes;00:00;23:59
F06;Pie Andino;Domingo y Festivos;00:00;23:59
F06;Pie Andino;Sábado;00:00;23:59
F06;(M) La Cisterna;Domingo y Festivos;00:00;23:59
F06;(M) La Cisterna;Sábado;00:00;23:59
F06;(M) La Cisterna;Lunes a Viernes;00:00;23:59
F07;Villa Padre Hurtado;Lunes a Viernes;05:00;00:30
F07;Villa Padre Hurtado;Sábado;05:30;01:00
F07;Villa Padre Hurtado;Domingo y Festivos;05:30;01:00
F07;Mall Plaza Tobalaba;Sábado;05:30;01:00
F07;Mall Plaza Tobalaba;Lunes a Viernes;05:00;00:30
F07;Mall Plaza Tobalaba;Domingo y Festivos;05:30;01:00
F08;Diego Portales;Domingo y Festivos;05:30;01:00
F08;Diego Portales;Lunes a Viernes;05:00;00:30
F08;Diego Portales;Sábado;05:30;01:00
F08;Villa Padre Hurtado;Domingo y Festivos;05:30;01:00
F08;Villa Padre Hurtado;Sábado;05:30;01:00
F08;Villa Padre Hurtado;Lunes a Viernes;05:00;00:30
F09;(M) Elisa Correa;Sábado;00:00;23:59
F09;(M) Elisa Correa;Domingo y Festivos;00:00;23:59
F09;(M) Elisa Correa;Lunes a Viernes;00:00;23:59
F09;Pie Andino;Domingo y Festivos;00:00;23:59
F09;Pie Andino;Sábado;00:00;23:59
F09;Pie Andino;Lunes a Viernes;00:00;23:59
F10;Mall Plaza Tobalaba;Lunes a Viernes;05:20;00:52
F10;Mall Plaza Tobalaba;Sábado;05:30;00:30
F10;Mall Plaza Tobalaba;Domingo y Festivos;05:30;00:30
F10;San Guillermo;Lunes a Viernes;05:36;00:56
F10;San Guillermo;Domingo y Festivos;05:30;00:30
F10;San Guillermo;Sábado;05:30;00:30
F11;Pie Andino;Domingo y Festivos;05:30;23:33
F11;Pie Andino;Lunes a Viernes;05:38;23:50
F11;Pie Andino;Sábado;05:30;23:30
F11;Las Vizcachas;Lunes a Viernes;05:36;23:43
F11;Las Vizcachas;Sábado;05:30;23:31
F11;Las Vizcachas;Domingo y Festivos;05:30;23:33
F12;(M) Plaza Puente Alto;Sábado;05:30;01:00
F12;(M) Plaza Puente Alto;Lunes a Viernes;05:00;00:00
F12;(M) Plaza Puente Alto;Domingo y Festivos;05:30;01:00
F12;Bajos De Mena;Sábado;05:30;00:31
F12;Bajos De Mena;Domingo y Festivos;05:30;00:31
F12;Bajos De Mena;Lunes a Viernes;05:30;00:30
F12c;(M) Plaza Puente Alto;Lunes a Viernes;05:30;09:24
F12c;(M) Plaza Puente Alto;Lunes a Viernes;17:30;21:09
F12c;Av. Juanita;Lunes a Viernes;06:34;09:00
F12c;Av. Juanita;Lunes a Viernes;17:36;21:28
F13;Mall Plaza Tobalaba;Sábado;05:30;00:31
F13;Mall Plaza Tobalaba;Lunes a Viernes;05:30;00:52
F13;Mall Plaza Tobalaba;Domingo y Festivos;05:30;00:40
F13;Bajos De Mena;Lunes a Viernes;05:30;00:55
F13;Bajos De Mena;Domingo y Festivos;05:30;00:40
F13;Bajos De Mena;Sábado;05:30;00:31
F13c;(M) Plaza Puente Alto;Lunes a Viernes;17:42;20:24
F13c;(M) Plaza Puente Alto;Lunes a Viernes;05:30;09:28
F13c;Bajos De Mena;Lunes a Viernes;07:00;09:28
F13c;Bajos De Mena;Lunes a Viernes;17:32;20:28
F14;(M) Plaza Puente Alto;Domingo y Festivos;05:30;00:30
F14;(M) Plaza Puente Alto;Sábado;05:30;00:30
F14;(M) Plaza Puente Alto;Lunes a Viernes;05:30;00:30
F14;Villa Padre Hurtado;Lunes a Viernes;05:30;00:30
F14;Villa Padre Hurtado;Domingo y Festivos;05:30;00:30
F14;Villa Padre Hurtado;Sábado;05:30;00:30
F15;(M) Elisa Correa;Sábado;05:30;00:30
F15;(M) Elisa Correa;Domingo y Festivos;05:30;00:30
F15;(M) Elisa Correa;Lunes a Viernes;05:02;00:28
F15;Bajos De Mena;Lunes a Viernes;05:40;00:50
F15;Bajos De Mena;Sábado;05:30;00:30
F15;Bajos De Mena;Domingo y Festivos;05:30;00:30
F16;Rivera Rio Maipo;Sábado;05:30;00:30
F16;Rivera Rio Maipo;Lunes a Viernes;05:30;00:30
F16;Rivera Rio Maipo;Domingo y Festivos;05:30;00:30
F16;Villa Padre Hurtado;Domingo y Festivos;05:30;00:30
F16;Villa Padre Hurtado;Sábado;05:30;00:30
F16;Villa Padre Hurtado;Lunes a Viernes;05:30;00:30
F17;Casas Viejas;Lunes a Viernes;05:30;23:15
F17;Casas Viejas;Sábado;05:30;23:16
F17;Casas Viejas;Domingo y Festivos;05:30;23:31
F17;(M) Plaza Puente Alto;Lunes a Viernes;05:30;23:15
F17;(M) Plaza Puente Alto;Domingo y Festivos;05:30;23:31
F17;(M) Plaza Puente Alto;Sábado;05:30;23:16
F18;(M) Plaza Puente Alto;Domingo y Festivos;05:30;00:30
F18;(M) Plaza Puente Alto;Lunes a Viernes;04:50;00:32
F18;(M) Plaza Puente Alto;Sábado;05:30;00:30
F18;Villa Chiloé;Lunes a Viernes;05:30;00:56
F18;Villa Chiloé;Sábado;05:30;00:30
F18;Villa Chiloé;Domingo y Festivos;05:30;00:30
F19;Mall Plaza Tobalaba;Lunes a Viernes;05:36;00:30
F19;Mall Plaza Tobalaba;Domingo y Festivos;05:30;00:30
F19;Mall Plaza Tobalaba;Sábado;05:30;00:30
F19;Pie Andino;Lunes a Viernes;05:32;00:30
F19;Pie Andino;Domingo y Festivos;05:30;00:30
F19;Pie Andino;Sábado;05:30;00:30
F20;Pie Andino;Domingo y Festivos;06:30;00:30
F20;Pie Andino;Sábado;05:30;00:30
F20;Pie Andino;Lunes a Viernes;05:40;00:56
F20;(M) La Cisterna;Domingo y Festivos;06:30;00:30
F20;(M) La Cisterna;Lunes a Viernes;05:38;00:32
F20;(M) La Cisterna;Sábado;05:30;00:30
F21;Villa La Primavera;Domingo y Festivos;05:30;00:30
F21;Villa La Primavera;Sábado;05:30;00:30
F21;Villa La Primavera;Lunes a Viernes;05:38;00:32
F21;Pie Andino;Sábado;05:30;00:30
F21;Pie Andino;Domingo y Festivos;05:30;00:30
F21;Pie Andino;Lunes a Viernes;05:38;00:52
F22;El Tranque;Domingo y Festivos;06:30;23:31
F22;El Tranque;Sábado;05:30;23:50
F22;El Tranque;Lunes a Viernes;05:30;23:46
F22;Pie Andino;Domingo y Festivos;06:30;23:32
F22;Pie Andino;Lunes a Viernes;05:36;23:46
F22;Pie Andino;Sábado;05:30;23:50
F23;Mall Plaza Tobalaba;Domingo y Festivos;06:30;23:31
F23;Mall Plaza Tobalaba;Sábado;06:30;23:47
F23;Mall Plaza Tobalaba;Lunes a Viernes;05:00;23:49
F23;Villa Padre Hurtado;Lunes a Viernes;05:00;23:47
F23;Villa Padre Hurtado;Domingo y Festivos;06:30;23:31
F23;Villa Padre Hurtado;Sábado;06:30;23:46
F24;(M) Elisa Correa;Lunes a Viernes;05:30;23:31
F24;(M) Elisa Correa;Sábado;05:30;23:32
F24;(M) Elisa Correa;Domingo y Festivos;05:30;23:30
F24;Casas Viejas;Lunes a Viernes;05:30;23:30
F24;Casas Viejas;Sábado;05:30;23:31
F24;Casas Viejas;Domingo y Festivos;05:30;23:30
F25;(M) Bellavista De La Florida;Domingo y Festivos;05:30;00:30
F25;(M) Bellavista De La Florida;Lunes a Viernes;05:10;23:48
F25;(M) Bellavista De La Florida;Sábado;05:30;00:30
F25;Bajos De Mena;Sábado;06:00;00:30
F25;Bajos De Mena;Domingo y Festivos;06:30;00:30
F25;Bajos De Mena;Lunes a Viernes;05:40;23:49
F25e;(M) Bellavista De La Florida;Lunes a Viernes;05:34;09:24
F25e;(M) Bellavista De La Florida;Lunes a Viernes;17:30;21:21
F25e;Bajos De Mena;Lunes a Viernes;17:38;21:26
F25e;Bajos De Mena;Lunes a Viernes;05:34;09:24
F26;San Carlos Oriente;Lunes a Viernes;05:30;09:23
F26;San Carlos Oriente;Lunes a Viernes;17:30;21:21
F26;Villa Padre Hurtado;Lunes a Viernes;05:30;09:12
F26;Villa Padre Hurtado;Lunes a Viernes;17:30;21:19
F27;Villa Portezuelo Oriente;Lunes a Viernes;06:20;09:11
F27;Villa Portezuelo Oriente;Lunes a Viernes;17:30;21:19
F27;Villa Padre Hurtado;Lunes a Viernes;06:30;09:18
F27;Villa Padre Hurtado;Lunes a Viernes;17:30;21:30
F28n;Diego Portales;Domingo y Festivos;01:00;04:56
F28n;Diego Portales;Sábado;01:00;04:56
F28n;Diego Portales;Lunes a Viernes;01:00;04:56
F28n;La Primavera;Domingo y Festivos;01:00;04:56
F28n;La Primavera;Lunes a Viernes;01:00;04:56
F28n;La Primavera;Sábado;01:00;04:56
F30n;La Moneda;Sábado;01:00;05:00
F30n;La Moneda;Lunes a Viernes;01:00;05:00
F30n;La Moneda;Domingo y Festivos;01:00;05:00
F30n;Bajos De Mena;Domingo y Festivos;01:00;05:00
F30n;Bajos De Mena;Lunes a Viernes;01:00;05:00
F30n;Bajos De Mena;Sábado;01:00;05:00
G01;Santo Tomás;Sábado;05:30;00:30
G01;Santo Tomás;Lunes a Viernes;05:30;00:30
G01;Santo Tomás;Domingo y Festivos;05:30;00:30
G01;Villa 4 De Septiembre;Sábado;05:30;00:30
G01;Villa 4 De Septiembre;Lunes a Viernes;05:30;00:30
G01;Villa 4 De Septiembre;Domingo y Festivos;05:30;00:30
G01c;Santa Rosa P. 21;Lunes a Viernes;17:30;20:18
G01c;Santa Rosa P. 21;Lunes a Viernes;06:30;08:18
G01c;Villa 4 De Septiembre;Lunes a Viernes;17:30;20:18
G01c;Villa 4 De Septiembre;Lunes a Viernes;06:30;08:18
G02;Puente Los Morros;Lunes a Viernes;05:30;23:40
G02;Puente Los Morros;Domingo y Festivos;05:30;23:30
G02;Puente Los Morros;Sábado;05:30;23:40
G02;Plaza San Bernardo;Sábado;05:30;23:40
G02;Plaza San Bernardo;Domingo y Festivos;05:30;23:30
G02;Plaza San Bernardo;Lunes a Viernes;05:30;23:40
G04;Santo Tomás;Domingo y Festivos;05:30;00:40
G04;Santo Tomás;Lunes a Viernes;05:30;00:40
G04;Santo Tomás;Sábado;05:30;00:40
G04;(M) La Cisterna;Domingo y Festivos;05:30;00:40
G04;(M) La Cisterna;Lunes a Viernes;04:00;00:40
G04;(M) La Cisterna;Sábado;05:30;00:40
G05;(M) La Cisterna;Sábado;00:00;23:59
G05;(M) La Cisterna;Domingo y Festivos;00:00;23:59
G05;(M) La Cisterna;Lunes a Viernes;00:00;23:59
G05;El Castillo;Domingo y Festivos;00:00;23:59
G05;El Castillo;Sábado;00:00;23:59
G05;El Castillo;Lunes a Viernes;00:00;23:59
G07;Lo Herrera;Domingo y Festivos;05:30;23:30
G07;Lo Herrera;Sábado;05:30;23:40
G07;Lo Herrera;Lunes a Viernes;05:30;23:40
G07;San Francisco;Sábado;05:30;23:40
G07;San Francisco;Domingo y Festivos;05:30;23:30
G07;San Francisco;Lunes a Viernes;05:30;23:40
G08;(M) La Cisterna;Sábado;00:00;23:59
G08;(M) La Cisterna;Domingo y Festivos;00:00;23:59
G08;(M) La Cisterna;Lunes a Viernes;00:00;23:59
G08;Población La Selva;Lunes a Viernes;00:00;23:59
G08;Población La Selva;Sábado;00:00;23:59
G08;Población La Selva;Domingo y Festivos;00:00;23:59
G08v;(M) La Cisterna;Lunes a Viernes;05:30;23:55
G08v;(M) La Cisterna;Domingo y Festivos;05:30;23:55
G08v;(M) La Cisterna;Sábado;05:30;23:55
G08v;Nos;Sábado;05:30;23:55
G08v;Nos;Domingo y Festivos;05:30;23:55
G08v;Nos;Lunes a Viernes;05:30;23:55
G09;Santa Margarita;Lunes a Viernes;05:00;00:30
G09;Santa Margarita;Sábado;05:00;00:30
G09;Santa Margarita;Domingo y Festivos;05:00;00:30
G09;Lo Blanco;Lunes a Viernes;05:00;00:30
G09;Lo Blanco;Sábado;05:00;00:30
G09;Lo Blanco;Domingo y Festivos;05:00;00:30
G11;(M) Lo Ovalle;Lunes a Viernes;05:30;00:30
G11;(M) Lo Ovalle;Domingo y Festivos;05:30;00:30
G11;(M) Lo Ovalle;Sábado;05:30;00:30
G11;Lo Blanco;Lunes a Viernes;05:30;00:30
G11;Lo Blanco;Domingo y Festivos;05:30;00:30
G11;Lo Blanco;Sábado;05:30;00:30
G12;Cementerio Metropolitano;Domingo y Festivos;05:30;23:40
G12;Cementerio Metropolitano;Lunes a Viernes;05:30;23:40
G12;Cementerio Metropolitano;Sábado;05:30;23:40
G12;(M) Lo Ovalle;Lunes a Viernes;05:30;23:40
G12;(M) Lo Ovalle;Sábado;05:30;23:40
G12;(M) Lo Ovalle;Domingo y Festivos;05:30;23:40
G13;El Castillo;Sábado;05:30;23:55
G13;El Castillo;Domingo y Festivos;05:30;23:55
G13;El Castillo;Lunes a Viernes;05:30;23:55
G13;(M) La Cisterna;Domingo y Festivos;05:30;23:55
G13;(M) La Cisterna;Lunes a Viernes;05:30;23:55
G13;(M) La Cisterna;Sábado;05:30;23:55
G14;Población Valle Nevado;Sábado;05:30;23:40
G14;Población Valle Nevado;Domingo y Festivos;05:30;23:30
G14;Población Valle Nevado;Lunes a Viernes;05:30;23:40
G14;Lo Blanco;Lunes a Viernes;05:30;23:40
G14;Lo Blanco;Sábado;05:30;23:40
G14;Lo Blanco;Domingo y Festivos;05:30;23:30
G15;Santo Tomás;Sábado;00:00;23:59
G15;Santo Tomás;Lunes a Viernes;00:00;23:59
G15;Santo Tomás;Domingo y Festivos;00:00;23:59
G15;(M) La Cisterna;Domingo y Festivos;00:00;23:59
G15;(M) La Cisterna;Sábado;00:00;23:59
G15;(M) La Cisterna;Lunes a Viernes;00:00;23:59
G16;Lo Blanco;Lunes a Viernes;05:30;00:30
G16;Lo Blanco;Sábado;05:30;00:30
G16;Lo Blanco;Domingo y Festivos;05:30;00:30
G16;(M) La Cisterna;Lunes a Viernes;05:30;00:30
G16;(M) La Cisterna;Domingo y Festivos;05:30;00:30
G16;(M) La Cisterna;Sábado;05:30;00:30
G18;(M) Lo Ovalle;Sábado;05:30;23:45
G18;(M) Lo Ovalle;Lunes a Viernes;05:30;23:45
G18;(M) Lo Ovalle;Domingo y Festivos;05:30;23:40
G18;Santo Tomas;Lunes a Viernes;05:30;23:45
G18;Santo Tomas;Sábado;05:30;23:45
G18;Santo Tomas;Domingo y Festivos;05:30;23:40
G22;(M) La Cisterna;Sábado;00:00;23:59
G22;(M) La Cisterna;Lunes a Viernes;00:00;23:59
G22;(M) La Cisterna;Domingo y Festivos;00:00;23:59
G22;Villa España;Domingo y Festivos;00:00;23:59
G22;Villa España;Lunes a Viernes;00:00;23:59
G22;Villa España;Sábado;00:00;23:59
H02;(M) Lo Vial;Domingo y Festivos;06:30;00:30
H02;(M) Lo Vial;Lunes a Viernes;05:30;00:30
H02;(M) Lo Vial;Sábado;05:30;00:30
H02;(M) Carlos Valdovinos;Lunes a Viernes;05:30;00:30
H02;(M) Carlos Valdovinos;Sábado;05:30;00:30
H02;(M) Carlos Valdovinos;Domingo y Festivos;06:30;00:30
H03;Mall Plaza Oeste;Lunes a Viernes;05:30;00:30
H03;Mall Plaza Oeste;Domingo y Festivos;05:30;00:30
H03;Mall Plaza Oeste;Sábado;05:30;00:30
H03;(M) Lo Ovalle;Domingo y Festivos;05:30;00:30
H03;(M) Lo Ovalle;Lunes a Viernes;05:30;00:30
H03;(M) Lo Ovalle;Sábado;05:30;00:30
H04;La Victoria;Lunes a Viernes;05:30;00:30
H04;La Victoria;Sábado;05:30;00:30
H04;La Victoria;Domingo y Festivos;06:30;00:30
H04;(M) Carlos Valdovinos;Lunes a Viernes;05:30;00:30
H04;(M) Carlos Valdovinos;Sábado;05:30;00:30
H04;(M) Carlos Valdovinos;Domingo y Festivos;06:00;00:30
H05;Pobl. Davila;Domingo y Festivos;05:30;00:30
H05;Pobl. Davila;Lunes a Viernes;05:30;00:30
H05;Pobl. Davila;Sábado;05:30;00:30
H05;(M) Carlos Valdovinos;Lunes a Viernes;05:30;00:30
H05;(M) Carlos Valdovinos;Domingo y Festivos;06:00;00:30
H05;(M) Carlos Valdovinos;Sábado;05:30;00:30
H05c;(M) Departamental;Domingo y Festivos;05:30;23:30
H05c;(M) Departamental;Lunes a Viernes;05:30;23:30
H05c;(M) Departamental;Sábado;05:30;23:30
H05c;Pobl. Davila;Domingo y Festivos;05:30;23:30
H05c;Pobl. Davila;Lunes a Viernes;05:30;23:30
H05c;Pobl. Davila;Sábado;05:30;23:30
H06;Av. Matta;Domingo y Festivos;06:00;00:30
H06;Av. Matta;Sábado;05:30;00:30
H06;Av. Matta;Lunes a Viernes;05:30;00:30
H06;Pobl. Las Turbinas;Domingo y Festivos;06:00;00:30
H06;Pobl. Las Turbinas;Lunes a Viernes;05:30;00:30
H06;Pobl. Las Turbinas;Sábado;05:30;00:30
H07;(M) Lo Ovalle;Sábado;05:45;23:45
H07;(M) Lo Ovalle;Lunes a Viernes;05:42;23:45
H07;(M) Lo Ovalle;Domingo y Festivos;06:30;23:45
H07;(M) Ñuble;Sábado;05:30;23:40
H07;(M) Ñuble;Lunes a Viernes;05:30;23:40
H07;(M) Ñuble;Domingo y Festivos;06:00;23:30
H08;(M) Lo Ovalle;Sábado;05:30;23:30
H08;(M) Lo Ovalle;Domingo y Festivos;06:00;23:30
H08;(M) Lo Ovalle;Lunes a Viernes;05:30;23:30
H08;Pobl. Las Turbinas;Domingo y Festivos;06:00;23:40
H08;Pobl. Las Turbinas;Sábado;05:30;23:40
H08;Pobl. Las Turbinas;Lunes a Viernes;05:42;23:45
H09;(M) Carlos Valdovinos;Domingo y Festivos;06:00;00:30
H09;(M) Carlos Valdovinos;Sábado;05:30;00:30
H09;(M) Carlos Valdovinos;Lunes a Viernes;05:30;00:30
H09;Pobl. Davila;Lunes a Viernes;05:30;00:30
H09;Pobl. Davila;Sábado;05:30;00:30
H09;Pobl. Davila;Domingo y Festivos;06:00;00:30
H12;(M) Franklin;Lunes a Viernes;05:30;00:30
H12;(M) Franklin;Sábado;05:30;00:30
H12;(M) Franklin;Domingo y Festivos;05:30;00:30
H12;Lo Espejo;Domingo y Festivos;06:00;00:30
H12;Lo Espejo;Lunes a Viernes;05:30;00:30
H12;Lo Espejo;Sábado;05:30;00:30
H13;Posta Central;Lunes a Viernes;05:30;00:30
H13;Posta Central;Domingo y Festivos;05:30;00:30
H13;Posta Central;Sábado;05:30;00:30
H13;Santa Olga;Sábado;05:30;00:30
H13;Santa Olga;Domingo y Festivos;06:00;00:30
H13;Santa Olga;Lunes a Viernes;05:30;00:30
H14;(M) Franklin;Lunes a Viernes;05:30;00:30
H14;(M) Franklin;Sábado;05:30;00:30
H14;(M) Franklin;Domingo y Festivos;06:30;00:30
H14;Mall Florida Center;Sábado;05:30;00:30
H14;Mall Florida Center;Domingo y Festivos;07:00;00:30
H14;Mall Florida Center;Lunes a Viernes;05:30;00:30
I01;Hospital Borja Arriarán;Sábado;05:00;00:30
I01;Hospital Borja Arriarán;Domingo y Festivos;05:30;00:30
I01;Hospital Borja Arriarán;Lunes a Viernes;05:00;00:30
I01;Villa Los Heroes;Lunes a Viernes;05:50;00:30
I01;Villa Los Heroes;Domingo y Festivos;05:45;00:30
I01;Villa Los Heroes;Sábado;05:42;00:30
I02;(M) Laguna Sur;Domingo y Festivos;05:40;23:30
I02;(M) Laguna Sur;Sábado;05:30;23:30
I02;(M) Laguna Sur;Lunes a Viernes;05:15;23:30
I02;Rinconada;Domingo y Festivos;05:50;23:30
I02;Rinconada;Lunes a Viernes;05:30;23:30
I02;Rinconada;Sábado;05:45;23:30
I03;(M) Las Rejas;Sábado;05:30;00:30
I03;(M) Las Rejas;Domingo y Festivos;05:30;00:30
I03;(M) Las Rejas;Lunes a Viernes;05:00;00:40
I03;Villa Los Heroes;Sábado;05:30;01:00
I03;Villa Los Heroes;Domingo y Festivos;06:00;01:00
I03;Villa Los Heroes;Lunes a Viernes;05:30;01:30
I03c;(M) San Alberto Hurtado;Lunes a Viernes;06:30;08:18
I03c;Valle Verde;Lunes a Viernes;17:30;20:15
I04;(M) San Alberto Hurtado;Lunes a Viernes;05:00;00:40
I04;(M) San Alberto Hurtado;Sábado;05:30;00:30
I04;(M) San Alberto Hurtado;Domingo y Festivos;05:30;00:30
I04;Villa El Abrazo;Sábado;05:40;00:30
I04;Villa El Abrazo;Lunes a Viernes;05:30;00:40
I04;Villa El Abrazo;Domingo y Festivos;05:45;00:30
I04c;(M) Plaza Maipu;Sábado;01:00;05:00
I04c;(M) Plaza Maipu;Lunes a Viernes;01:00;04:30
I04c;(M) Plaza Maipu;Domingo y Festivos;01:00;05:00
I04c;(M) Plaza Maipu;Lunes a Viernes;06:30;08:22
I04c;Villa El Abrazo;Lunes a Viernes;06:30;08:20
I04c;Villa El Abrazo;Domingo y Festivos;01:00;05:00
I04c;Villa El Abrazo;Lunes a Viernes;01:00;05:00
I04c;Villa El Abrazo;Sábado;01:00;05:00
I05;(M) Lo Ovalle;Lunes a Viernes;05:00;00:30
I05;(M) Lo Ovalle;Sábado;05:00;00:30
I05;(M) Lo Ovalle;Domingo y Festivos;05:00;00:30
I05;Rinconada;Domingo y Festivos;06:00;00:30
I05;Rinconada;Lunes a Viernes;05:42;00:30
I05;Rinconada;Sábado;05:45;00:30
I07;Mall Arauco Maipu;Domingo y Festivos;05:30;23:30
I07;Mall Arauco Maipu;Sábado;05:30;23:30
I07;Mall Arauco Maipu;Lunes a Viernes;05:30;23:30
I07;Rinconada;Sábado;05:50;23:30
I07;Rinconada;Domingo y Festivos;05:54;23:30
I07;Rinconada;Lunes a Viernes;05:30;23:30
I08;(M) San Alberto Hurtado;Sábado;05:30;00:40
I08;(M) San Alberto Hurtado;Domingo y Festivos;05:30;00:40
I08;(M) San Alberto Hurtado;Lunes a Viernes;05:30;00:40
I08;Mall Arauco Maipú;Domingo y Festivos;05:30;00:40
I08;Mall Arauco Maipú;Lunes a Viernes;05:30;00:40
I08;Mall Arauco Maipú;Sábado;05:30;00:40
I08n;Alameda;Sábado;01:00;05:15
I08n;Alameda;Lunes a Viernes;01:00;05:15
I08n;Alameda;Domingo y Festivos;01:00;05:15
I08n;La Farfana;Sábado;01:00;05:15
I08n;La Farfana;Lunes a Viernes;01:00;05:15
I08n;La Farfana;Domingo y Festivos;01:00;05:15
I09;(M) Ula;Lunes a Viernes;04:30;01:00
I09;(M) Ula;Sábado;05:00;00:48
I09;(M) Ula;Domingo y Festivos;05:00;00:48
I09;Rinconada;Domingo y Festivos;05:36;00:48
I09;Rinconada;Lunes a Viernes;05:36;01:30
I09;Rinconada;Sábado;05:40;00:48
I09c;(M) Las Rejas;Lunes a Viernes;17:30;20:17
I09c;Rinconada;Lunes a Viernes;17:30;20:17
I09e;(M) Ula;Lunes a Viernes;06:30;08:22
I09e;(M) Ula;Lunes a Viernes;17:30;20:15
I09e;Rinconada;Lunes a Viernes;06:30;08:16
I09e;Rinconada;Lunes a Viernes;17:37;20:22
I10;Usach;Lunes a Viernes;05:30;00:40
I10;Usach;Domingo y Festivos;05:30;00:30
I10;Usach;Sábado;05:30;00:40
I10;Villa Los Héroes;Domingo y Festivos;05:30;00:50
I10;Villa Los Héroes;Sábado;05:30;00:50
I10;Villa Los Héroes;Lunes a Viernes;05:30;00:50
I10n;Alameda;Lunes a Viernes;01:00;05:15
I10n;Alameda;Sábado;01:00;05:15
I10n;Alameda;Domingo y Festivos;01:00;05:15
I10n;Villa Los Heroes;Lunes a Viernes;01:15;05:15
I10n;Villa Los Heroes;Sábado;01:15;05:15
I10n;Villa Los Heroes;Domingo y Festivos;01:15;05:15
I11;(M) Plaza Maipu;Sábado;00:00;23:59
I11;(M) Plaza Maipu;Lunes a Viernes;00:00;23:59
I11;(M) Plaza Maipu;Domingo y Festivos;00:00;23:59
I11;Ciudad Satelite;Lunes a Viernes;00:00;23:59
I11;Ciudad Satelite;Sábado;00:00;23:59
I11;Ciudad Satelite;Domingo y Festivos;00:00;23:59
I12;Mall Florida Center;Lunes a Viernes;05:00;00:30
I12;Mall Florida Center;Domingo y Festivos;05:30;00:30
I12;Mall Florida Center;Sábado;05:30;00:30
I12;Pueblito La Farfana;Sábado;05:54;00:30
I12;Pueblito La Farfana;Domingo y Festivos;06:00;00:30
I12;Pueblito La Farfana;Lunes a Viernes;05:54;00:30
I13;(M) San Alberto Hurtado;Lunes a Viernes;05:00;00:30
I13;(M) San Alberto Hurtado;Domingo y Festivos;05:30;00:30
I13;(M) San Alberto Hurtado;Sábado;05:15;00:30
I13;Villa Los Presidentes;Domingo y Festivos;06:00;00:30
I13;Villa Los Presidentes;Sábado;06:00;00:30
I13;Villa Los Presidentes;Lunes a Viernes;05:54;00:30
I14;Estación Central;Sábado;05:30;00:30
I14;Estación Central;Domingo y Festivos;05:30;00:30
I14;Estación Central;Lunes a Viernes;05:30;00:30
I14;Mall Plaza Oeste;Lunes a Viernes;05:30;00:30
I14;Mall Plaza Oeste;Domingo y Festivos;05:30;00:30
I14;Mall Plaza Oeste;Sábado;05:30;00:30
I16;Ferrocarril;Sábado;05:30;00:00
I16;Ferrocarril;Lunes a Viernes;05:00;00:00
I16;Ferrocarril;Domingo y Festivos;05:30;00:30
I16;Poblacion Santiago;Domingo y Festivos;05:50;00:30
I16;Poblacion Santiago;Sábado;05:45;00:30
I16;Poblacion Santiago;Lunes a Viernes;05:30;00:30
I17;Hospital San Juan De Dios;Lunes a Viernes;05:30;00:30
I17;Hospital San Juan De Dios;Sábado;05:30;00:00
I17;Hospital San Juan De Dios;Domingo y Festivos;05:30;00:30
I17;Villa Francia;Domingo y Festivos;05:46;00:30
I17;Villa Francia;Sábado;05:50;00:30
I17;Villa Francia;Lunes a Viernes;05:45;00:30
I18;(M) Ula;Sábado;05:30;00:30
I18;(M) Ula;Domingo y Festivos;05:30;00:30
I18;(M) Ula;Lunes a Viernes;05:30;00:30
I18;Rinconada;Lunes a Viernes;05:30;00:30
I18;Rinconada;Sábado;05:30;00:30
I18;Rinconada;Domingo y Festivos;05:30;00:30
I20;Marta Ossa Ruiz;Lunes a Viernes;05:30;23:40
I20;Marta Ossa Ruiz;Domingo y Festivos;05:30;23:30
I20;Marta Ossa Ruiz;Sábado;05:30;23:45
I20;Valle Verde;Lunes a Viernes;05:30;23:40
I20;Valle Verde;Domingo y Festivos;05:30;23:30
I20;Valle Verde;Sábado;05:30;23:45
I21;(M) Plaza Maipu;Domingo y Festivos;06:15;23:40
I21;(M) Plaza Maipu;Sábado;05:45;23:40
I21;(M) Plaza Maipu;Lunes a Viernes;05:30;23:40
I21;Villa Hernan Díaz;Lunes a Viernes;05:40;23:40
I21;Villa Hernan Díaz;Sábado;06:15;23:40
I21;Villa Hernan Díaz;Domingo y Festivos;06:45;23:45
I22;(M) Del Sol;Lunes a Viernes;05:30;23:40
I22;(M) Del Sol;Domingo y Festivos;05:30;23:40
I22;(M) Del Sol;Sábado;05:30;23:40
I22;La Farfana;Lunes a Viernes;05:30;23:40
I22;La Farfana;Sábado;05:30;23:40
I22;La Farfana;Domingo y Festivos;05:30;23:40
I24;Plaza Oeste;Lunes a Viernes;05:30;23:45
I24;Plaza Oeste;Sábado;05:30;23:40
I24;Plaza Oeste;Domingo y Festivos;05:50;23:40
I24;Villa Los Maitenes;Domingo y Festivos;05:50;23:40
I24;Villa Los Maitenes;Sábado;05:45;23:40
I24;Villa Los Maitenes;Lunes a Viernes;05:30;23:45
J01;(M) Quinta Normal;Lunes a Viernes;05:00;23:40
J01;(M) Quinta Normal;Domingo y Festivos;05:30;23:40
J01;(M) Quinta Normal;Sábado;05:30;23:40
J01;Pudahuel Sur;Lunes a Viernes;05:30;00:25
J01;Pudahuel Sur;Domingo y Festivos;05:30;00:25
J01;Pudahuel Sur;Sábado;05:30;00:25
J02;(M) U.L.A.;Sábado;05:30;23:53
J02;(M) U.L.A.;Lunes a Viernes;05:30;23:54
J02;(M) U.L.A.;Domingo y Festivos;05:30;23:55
J02;Enea;Domingo y Festivos;05:57;00:30
J02;Enea;Sábado;06:01;00:30
J02;Enea;Lunes a Viernes;06:05;00:30
J03;(M) Republica;Lunes a Viernes;05:30;23:40
J03;(M) Republica;Domingo y Festivos;05:30;23:45
J03;(M) Republica;Sábado;05:30;23:45
J03;Costanera Sur;Sábado;07:30;01:40
J03;Costanera Sur;Lunes a Viernes;07:30;01:40
J03;Costanera Sur;Domingo y Festivos;07:30;01:40
J04;La Alianza;Lunes a Viernes;06:00;23:45
J04;La Alianza;Sábado;06:00;23:54
J04;La Alianza;Domingo y Festivos;05:50;23:45
J04;(M) Neptuno;Domingo y Festivos;05:30;23:59
J04;(M) Neptuno;Sábado;05:40;23:59
J04;(M) Neptuno;Lunes a Viernes;05:30;23:53
J06;(M) Pajaritos;Lunes a Viernes;05:55;23:55
J06;(M) Pajaritos;Domingo y Festivos;06:00;23:55
J06;(M) Pajaritos;Sábado;05:55;23:55
J06;(M) Pudahuel;Lunes a Viernes;05:30;23:30
J06;(M) Pudahuel;Sábado;05:30;23:30
J06;(M) Pudahuel;Domingo y Festivos;05:30;23:30
J08;Hospital Felix Bulnes;Domingo y Festivos;00:00;23:59
J08;Hospital Felix Bulnes;Sábado;00:00;23:59
J08;Hospital Felix Bulnes;Lunes a Viernes;00:00;23:59
J08;Pudahuel Sur;Sábado;00:00;23:59
J08;Pudahuel Sur;Domingo y Festivos;00:00;23:59
J08;Pudahuel Sur;Lunes a Viernes;00:00;23:59
J10;Parque De Los Reyes;Sábado;05:30;23:30
J10;Parque De Los Reyes;Lunes a Viernes;05:30;23:30
J10;Parque De Los Reyes;Domingo y Festivos;05:30;23:28
J10;San Daniel;Domingo y Festivos;05:52;23:42
J10;San Daniel;Sábado;05:48;23:47
J10;San Daniel;Lunes a Viernes;05:45;23:40
J11;(M) Pajaritos;Lunes a Viernes;05:37;23:35
J11;(M) Pajaritos;Sábado;05:30;23:51
J11;(M) Pajaritos;Domingo y Festivos;05:30;23:30
J11;Lomas De Lo Aguirre;Lunes a Viernes;05:57;23:30
J11;Lomas De Lo Aguirre;Domingo y Festivos;05:53;23:55
J11;Lomas De Lo Aguirre;Sábado;05:56;23:50
J12;Ciudad De Los Valles;Sábado;06:00;23:41
J12;Ciudad De Los Valles;Domingo y Festivos;05:53;23:55
J12;Ciudad De Los Valles;Lunes a Viernes;06:00;23:46
J12;(M) Pajaritos;Lunes a Viernes;05:30;23:21
J12;(M) Pajaritos;Domingo y Festivos;05:30;23:30
J12;(M) Pajaritos;Sábado;05:30;23:40
J13;Costanera Sur;Sábado;05:50;00:35
J13;Costanera Sur;Domingo y Festivos;05:57;00:35
J13;Costanera Sur;Lunes a Viernes;06:05;00:35
J13;(M) Estación Central;Sábado;05:30;23:58
J13;(M) Estación Central;Domingo y Festivos;05:30;23:59
J13;(M) Estación Central;Lunes a Viernes;05:30;23:59
J13c;Costanera Sur;Lunes a Viernes;06:00;23:40
J13c;(M) San Pablo;Lunes a Viernes;05:30;22:59
J14c;Pudahuel Sur;Sábado;05:50;23:48
J14c;Pudahuel Sur;Domingo y Festivos;05:45;23:49
J14c;Pudahuel Sur;Lunes a Viernes;05:50;23:45
J14c;Villa Roosevelt;Domingo y Festivos;05:30;23:40
J14c;Villa Roosevelt;Lunes a Viernes;05:30;23:42
J14c;Villa Roosevelt;Sábado;05:30;23:40
J15c;(M) Neptuno;Lunes a Viernes;05:30;23:25
J15c;La Alianza;Lunes a Viernes;05:50;23:42
J16;(M) Estación Central;Lunes a Viernes;05:30;23:32
J16;(M) Estación Central;Sábado;05:30;23:34
J16;(M) Estación Central;Domingo y Festivos;05:30;23:30
J16;Costanera Sur;Domingo y Festivos;06:02;23:48
J16;Costanera Sur;Lunes a Viernes;06:03;23:44
J16;Costanera Sur;Sábado;06:00;23:51
J17;Puerto Santiago;Lunes a Viernes;06:30;23:30
J17;Puerto Santiago;Sábado;06:30;22:34
J17;Puerto Santiago;Domingo y Festivos;07:47;22:49
J17;(M) Pajaritos;Sábado;06:35;22:35
J17;(M) Pajaritos;Domingo y Festivos;07:30;22:30
J17;(M) Pajaritos;Lunes a Viernes;06:38;23:38
J18;(M) San Pablo;Domingo y Festivos;05:30;23:30
J18;(M) San Pablo;Lunes a Viernes;05:20;23:30
J18;(M) San Pablo;Sábado;05:30;23:30
J18;Enea;Domingo y Festivos;05:46;23:57
J18;Enea;Lunes a Viernes;05:41;23:53
J18;Enea;Sábado;05:47;23:57
J18c;(M) San Pablo;Lunes a Viernes;06:30;08:54
J18c;El Tranque;Lunes a Viernes;17:30;21:06
J19;(M) Santa Ana;Lunes a Viernes;05:30;23:54
J19;(M) Santa Ana;Sábado;05:30;23:54
J19;(M) Santa Ana;Domingo y Festivos;05:30;23:54
J19;Pudahuel Sur;Lunes a Viernes;06:00;00:30
J19;Pudahuel Sur;Domingo y Festivos;05:58;00:38
J19;Pudahuel Sur;Sábado;06:00;00:30
J20;(M) Pudahuel;Sábado;05:30;22:59
J20;(M) Pudahuel;Domingo y Festivos;05:30;22:59
J20;(M) Pudahuel;Lunes a Viernes;05:30;22:55
J20;El Montijo;Sábado;06:05;23:41
J20;El Montijo;Lunes a Viernes;06:04;23:31
J20;El Montijo;Domingo y Festivos;06:03;23:35
